BusinessEntityID,AddressID,AddressTypeID,rowguid,ModifiedDate
1,249,2,3A5D0A00-6739-4DFE-A8F7-844CD9DEE3DF,2014-09-12 11:15:06.967
2,293,2,84AE7057-EDF4-4C51-8B8D-3AEAEFBFB4A1,2014-09-12 11:15:06.967
3,224,2,3C915B31-7C05-4A05-9859-0DF663677240,2014-09-12 11:15:06.967
4,11387,2,3DC70CC4-3AE8-424F-8B1F-481C5478E941,2014-09-12 11:15:06.967
5,190,2,C0ED2F68-937B-4594-9459-581AC53C98E3,2014-09-12 11:15:06.967
6,286,2,4CA1686A-A7DF-4BD8-9D7D-82A63210208A,2014-09-12 11:15:06.967
7,49,2,1528E305-3E34-4DEA-BDD7-C7DDCDD11EF8,2014-09-12 11:15:06.967
8,230,2,38F80F8F-5CA7-4D06-AEFA-CD930A0A7B3F,2014-09-12 11:15:06.967
9,187,2,51C9D232-DD34-49A5-8442-F269E0B9A6FF,2014-09-12 11:15:06.967
10,11386,2,13981FC6-9688-49C8-AA1E-80C7F28EA2FF,2014-09-12 11:15:06.967
11,32505,2,1F216434-3714-4BFB-9B05-4BE77EBCCE3F,2014-09-12 11:15:06.967
12,1,2,8AA698FC-090F-42EE-A197-2E7F7394D9F1,2014-09-12 11:15:06.967
13,219,2,F7C52CB0-99D3-4632-AD41-00A1D3B13145,2014-09-12 11:15:06.967
14,295,2,09AD7450-C146-4B9E-AE2F-AAD99634577E,2014-09-12 11:15:06.967
15,287,2,46944C73-22DE-431E-BE1F-726F85563235,2014-09-12 11:15:06.967
16,214,2,9CD92F26-342B-4AF0-80E3-23FA079912B5,2014-09-12 11:15:06.967
17,234,2,7FA5FF71-E97B-457D-B7C4-88FB6566DC40,2014-09-12 11:15:06.967
18,209,2,3EB9A702-4344-4E1B-8CB2-A2BA00E91384,2014-09-12 11:15:06.967
19,174,2,46420BB1-E0CB-48F9-8904-87049416F9C5,2014-09-12 11:15:06.967
20,191,2,FC83719F-93A8-4127-BE1B-92B17E594CDD,2014-09-12 11:15:06.967
21,171,2,713561FB-CCD2-4388-9008-4BF8C5439D28,2014-09-12 11:15:06.967
22,233,2,31E8CD12-9AC5-4A6D-B379-220FACBDCA3F,2014-09-12 11:15:06.967
23,229,2,BDCD2872-254C-4D9F-B7B8-9A8DEBFD8746,2014-09-12 11:15:06.967
24,243,2,A249F1B3-F689-49CB-A1DA-C561BB9F6165,2014-09-12 11:15:06.967
25,63,2,FB3F9EAE-4738-404D-864B-103378819225,2014-09-12 11:15:06.967
26,166,2,ECEF25E5-6589-4095-9C0C-877DF9295370,2014-09-12 11:15:06.967
27,77,2,FE9A5496-A871-43C1-ABD7-7E598F1231C9,2014-09-12 11:15:06.967
28,61,2,77253AEF-8883-4E76-97AA-7B7DAC21A2CD,2014-09-12 11:15:06.967
29,218,2,619123C1-FAD9-4A03-8690-D63FD7B3714A,2014-09-12 11:15:06.967
30,155,2,3474921F-2E88-47AB-B83F-66E959BCDA0E,2014-09-12 11:15:06.967
31,142,2,4471AA16-AF48-4ADC-9FF3-AE4F7A0A9E2F,2014-09-12 11:15:06.967
32,162,2,7374DD1A-00A3-4915-BE2C-FF924619BB34,2014-09-12 11:15:06.967
33,108,2,F4085F41-E061-4D04-9758-36BADE9F8D09,2014-09-12 11:15:06.967
34,184,2,EAF87986-D9F1-490F-A713-AE7B19A75DD8,2014-09-12 11:15:06.967
35,212,2,1D7CB034-0854-4445-9165-703C3BC50ECF,2014-09-12 11:15:06.967
36,100,2,BD3A4B7D-2194-4043-A9B5-F88C18374AF3,2014-09-12 11:15:06.967
37,227,2,65612CDD-3E6E-429B-B11E-66A657E76383,2014-09-12 11:15:06.967
38,90,2,6D6AA1BD-0747-4997-9E4F-6B9F1C1460D1,2014-09-12 11:15:06.967
39,93,2,316ACA7B-BD68-49E3-95BA-2A19B32886AE,2014-09-12 11:15:06.967
40,92,2,F306C391-0D6B-43AE-9629-E50F56C01EC1,2014-09-12 11:15:06.967
41,69,2,1FD3B33E-6F73-4C9C-B5A3-77C1D4E65A7A,2014-09-12 11:15:06.967
42,67,2,E29B7247-2280-40E1-B1DE-47E2A60B2285,2014-09-12 11:15:06.967
43,197,2,FF1239F7-C8AB-42C1-9929-EB8453864717,2014-09-12 11:15:06.967
44,84,2,783A4C42-9B03-40BE-96DC-DCD637AC5143,2014-09-12 11:15:06.967
45,150,2,121319C6-B1D9-41B3-998E-CCE1E87F95E7,2014-09-12 11:15:06.967
46,85,2,49551ABD-4C8E-4EEE-9B72-CBB8204636CB,2014-09-12 11:15:06.967
47,246,2,5B853C62-07B2-49C7-8586-46765851CE3A,2014-09-12 11:15:06.967
48,240,2,57A0819C-5D99-4D72-9340-653A14FEFC8A,2014-09-12 11:15:06.967
49,56,2,80AD19F1-7D70-4FD6-864B-F0B3095188DD,2014-09-12 11:15:06.967
50,153,2,7F0ACDD9-B2F2-4B03-BD77-44DF601BC1DC,2014-09-12 11:15:06.967
51,71,2,23EF0683-F215-4970-B3DD-17020D16A828,2014-09-12 11:15:06.967
52,48,2,A66186AA-81E9-45D7-AF56-264973870589,2014-09-12 11:15:06.967
53,208,2,ACA1671B-9214-4A40-B412-B130A34578BA,2014-09-12 11:15:06.967
54,60,2,CF0B21F7-721E-4996-B26A-6A113605CE2E,2014-09-12 11:15:06.967
55,131,2,8BEEDDC2-181A-44A4-B186-3BF537E8A7FE,2014-09-12 11:15:06.967
56,46,2,7063CCC3-D11C-4478-BB63-F4656D8DD3C8,2014-09-12 11:15:06.967
57,55,2,65887859-4F2E-4523-AEAB-A8FBB8E491B3,2014-09-12 11:15:06.967
58,119,2,BEE6017F-0AE1-4050-90F4-84B09FB08006,2014-09-12 11:15:06.967
59,8,2,75C5C433-4BF1-4F67-AC8F-07D97E481B1B,2014-09-12 11:15:06.967
60,96,2,E9514B97-D6F5-4300-A1E7-B8F258976B35,2014-09-12 11:15:06.967
61,47,2,28ED65A7-4EB7-48AA-B78F-9CB0380C3727,2014-09-12 11:15:06.967
62,97,2,407AA175-5AAD-4B23-9F82-9AABD6792F3D,2014-09-12 11:15:06.967
63,149,2,64363F9C-79A1-4BF7-B293-71CF4D8334AF,2014-09-12 11:15:06.967
64,143,2,2EAF763F-66B4-4E87-9F00-0A0FF59817EB,2014-09-12 11:15:06.967
65,148,2,8C7E671F-71E4-448B-8281-6454F55AA169,2014-09-12 11:15:06.967
66,113,2,7CCEA114-5AED-44BA-83A0-1DEAD7468003,2014-09-12 11:15:06.967
67,68,2,44518ECA-DE6F-431C-AC46-54A4C081C007,2014-09-12 11:15:06.967
68,199,2,43E9A9A0-C67E-4842-8420-2C719B27D548,2014-09-12 11:15:06.967
69,114,2,DC8F3D02-84D5-44DE-8BC6-573AE9CB547E,2014-09-12 11:15:06.967
70,125,2,E3DB3FED-EFE4-4633-9008-6C90B4217536,2014-09-12 11:15:06.967
71,120,2,56E58AD3-1BA8-4FE2-87A0-73BB7C12DEAE,2014-09-12 11:15:06.967
72,231,2,9C0AA21A-3223-46ED-9A07-8E33D3D12800,2014-09-12 11:15:06.967
73,145,2,AF5DA2BC-C5FD-4F46-86E6-63482CB70776,2014-09-12 11:15:06.967
74,99,2,FB95DC65-7BFD-44A9-A6AF-510B7DEC121E,2014-09-12 11:15:06.967
75,198,2,AECE6064-ADD3-4E1C-A530-5C07581DABD1,2014-09-12 11:15:06.967
76,20,2,E09F8E13-7912-46CB-A8D8-417B2FA22229,2014-09-12 11:15:06.967
77,94,2,3E0229E6-7FD3-4CEF-B416-5CC2F08DF5BC,2014-09-12 11:15:06.967
78,110,2,0A1DC982-7E81-4551-A98A-22F236C1EEF2,2014-09-12 11:15:06.967
79,79,2,056D6E47-A493-4D5F-B5E5-E59FCEEADE1D,2014-09-12 11:15:06.967
80,204,2,E10BC09A-6C81-4DF2-9941-5F90C4665AF6,2014-09-12 11:15:06.967
81,152,2,0B4301D8-8E9C-43C8-9435-32ED974E734A,2014-09-12 11:15:06.967
82,109,2,3448D4BB-A918-49E1-A084-064B4E7F5675,2014-09-12 11:15:06.967
83,103,2,299F0C72-D99E-466C-B9AC-B4AB0FA3D276,2014-09-12 11:15:06.967
84,54,2,B5C189A7-E7CE-4EFF-921A-57BC6A5D9962,2014-09-12 11:15:06.967
85,14,2,1D0D6D8B-ADA6-4FBF-8E08-A2D406E6C51C,2014-09-12 11:15:06.967
86,32517,2,E0AF17E3-DB0D-4ABB-A471-4C8B0BDEE640,2014-09-12 11:15:06.967
87,91,2,67D3A570-A9F5-4260-830E-104E80A72AE6,2014-09-12 11:15:06.967
88,7,2,77359FFF-8594-45D1-A28D-FC6E1CD65028,2014-09-12 11:15:06.967
89,161,2,1F5C4762-D9DD-4924-B535-05AB47D96602,2014-09-12 11:15:06.967
90,43,2,2953037B-BDD4-4F8F-BCF8-FA7835A2A10E,2014-09-12 11:15:06.967
91,128,2,DAFC45DE-2939-4CB4-A946-114246CB8227,2014-09-12 11:15:06.967
92,237,2,7DD8BBEE-5644-4BD0-A17F-356FE671B245,2014-09-12 11:15:06.967
93,189,2,6CC46DDB-D169-4D57-83C6-9B526B5FCFF2,2014-09-12 11:15:06.967
94,124,2,5DB9F5AF-FECD-407E-B376-2D299534C72C,2014-09-12 11:15:06.967
95,136,2,083A1F19-6B01-42AC-A1AD-814AD23C96EF,2014-09-12 11:15:06.967
96,32513,2,039F5361-37D3-435A-AB44-EA798B20B44B,2014-09-12 11:15:06.967
97,76,2,52245CF5-7E0A-4B06-9D5D-9EF74ED00FD8,2014-09-12 11:15:06.967
98,83,2,785D1634-4F68-49E1-BBD2-8BA4558C94D2,2014-09-12 11:15:06.967
99,160,2,A37CD76C-85E3-49F1-8E9F-285475CC38D0,2014-09-12 11:15:06.967
100,133,2,0926E48D-AF12-4E4A-9A07-34E8541DB3D9,2014-09-12 11:15:06.967
101,32514,2,BA124FB6-E451-4A6B-8D74-5C7C420A3B84,2014-09-12 11:15:06.967
102,121,2,73D8C6DD-A895-4DBC-9B25-ED599D49D50F,2014-09-12 11:15:06.967
103,32512,2,DDC7D65B-CE9D-4D7F-90DA-B1900BBA04D5,2014-09-12 11:15:06.967
104,122,2,15995DD4-44C7-4B7E-A0E8-5985A21D743B,2014-09-12 11:15:06.967
105,158,2,4CDBC1E4-FEB7-4B38-932F-2423F07E1CEC,2014-09-12 11:15:06.967
106,81,2,11EC97F2-C71D-44AB-A60D-52826BA12928,2014-09-12 11:15:06.967
107,40,2,532BAFF4-A61C-429C-9A0B-FC0A9C19E979,2014-09-12 11:15:06.967
108,88,2,0EAD4106-8707-452E-9729-45D4A1EC5A9B,2014-09-12 11:15:06.967
109,51,2,D54194E7-7346-4ECF-8701-D40D1A90A07F,2014-09-12 11:15:06.967
110,220,2,8977B7D3-2405-45BA-8F50-CBAA551B6845,2014-09-12 11:15:06.967
111,141,2,5D5D7B85-08A5-484F-B920-4401412E4524,2014-09-12 11:15:06.967
112,118,2,08DA2F7E-4B9F-4A41-A3A7-9FF3D77291E1,2014-09-12 11:15:06.967
113,175,2,EEC306AA-95B0-4D01-B4C7-53BC4A61EE1A,2014-09-12 11:15:06.967
114,144,2,38651304-19E7-4ED4-A202-74E35F5C26C6,2014-09-12 11:15:06.967
115,139,2,85552D47-6B33-49D6-8B29-F951DBA82D55,2014-09-12 11:15:06.967
116,151,2,E29F2813-37BF-40A4-9B6E-329251E4D1B7,2014-09-12 11:15:06.967
117,21,2,81F97D48-843F-46A6-9A46-230A714DE1CC,2014-09-12 11:15:06.967
118,87,2,0BCF438C-D6E4-4A03-98E6-EE37521E27F0,2014-09-12 11:15:06.967
119,226,2,15CFDFF1-BE29-4C4B-98BB-4D66527C81B3,2014-09-12 11:15:06.967
120,130,2,F3081E25-FCCB-4C5F-9323-BB2819DBE8F3,2014-09-12 11:15:06.967
121,32506,2,6FCAEAA1-AE6E-40B4-A4FD-55632793519E,2014-09-12 11:15:06.967
122,288,2,3D043F5D-C2AA-42C4-8CC3-C4A4B567E467,2014-09-12 11:15:06.967
123,2,2,E5C2EA88-0499-45C4-9C27-938E1DBF9C37,2014-09-12 11:15:06.967
124,5,2,0FA92F54-0D7C-4944-AA88-C2E9EA6DD5DC,2014-09-12 11:15:06.967
125,299,2,BB558E90-6397-4737-86D6-6A851DE47BAD,2014-09-12 11:15:06.967
126,298,2,D8B5699A-DD1E-4DC1-91A6-F0C4D0E43D60,2014-09-12 11:15:06.967
127,44,2,38FCAA5C-61AA-4B5F-B3D2-0D7759D8127B,2014-09-12 11:15:06.967
128,157,2,437683A4-AC2C-44F1-9CF7-B63901F470F0,2014-09-12 11:15:06.967
129,134,2,0A868C4E-D39B-4C57-9780-6CC9F7D3C9F3,2014-09-12 11:15:06.967
130,72,2,45942F41-BE39-4D63-A5BE-B0FD9E528D29,2014-09-12 11:15:06.967
131,117,2,DE4E0E85-CCFC-4951-9067-FFAD6130AE41,2014-09-12 11:15:06.967
132,101,2,D159AA8B-EE5C-4C58-94F4-F92F33EA8583,2014-09-12 11:15:06.967
133,146,2,71152671-FEF7-4045-B7EC-983F8735E123,2014-09-12 11:15:06.967
134,140,2,6BB68F5E-B89E-4D28-A48A-EB87E9071985,2014-09-12 11:15:06.967
135,62,2,0EF4C6E1-8AAC-4A88-AF2F-0701014D3941,2014-09-12 11:15:06.967
136,170,2,3D32DAEC-3208-49CE-8FE6-A3B8F385DA6A,2014-09-12 11:15:06.967
137,32516,2,19732D65-1893-439A-9EA1-42EC1A97E3B2,2014-09-12 11:15:06.967
138,159,2,DE47AC58-8ED7-4F69-BD40-D6DB548F8DBF,2014-09-12 11:15:06.967
139,203,2,E4DFF7C6-C16E-458B-89AE-EB7D2AAD6979,2014-09-12 11:15:06.967
140,213,2,0CC2CA80-0D97-4EBA-BEA0-DB410807B82A,2014-09-12 11:15:06.967
141,164,2,415BDA61-A798-4133-9DDD-3C7498BA5332,2014-09-12 11:15:06.967
142,167,2,54C5898D-B589-4727-9A8D-E83509F94FE0,2014-09-12 11:15:06.967
143,132,2,21DE27ED-94E6-4E0F-9432-6AFD0479ED37,2014-09-12 11:15:06.967
144,168,2,D7AFC3CC-C679-4959-A416-2513756982B8,2014-09-12 11:15:06.967
145,42,2,AE888924-EBEB-4BB7-A64D-B6AE52E555E6,2014-09-12 11:15:06.967
146,74,2,A3A73D84-46AB-45A6-BEC2-5802C0E44982,2014-09-12 11:15:06.967
147,105,2,82A17F29-D416-4C28-8D40-9498ED7C657C,2014-09-12 11:15:06.967
148,181,2,62BE0898-29A4-411A-98EB-F7C5134D0803,2014-09-12 11:15:06.967
149,172,2,22BCD91B-5233-4078-BDB9-174628C4E72C,2014-09-12 11:15:06.967
150,135,2,A3C72FDC-8329-4FC8-B018-735FBA5B1F93,2014-09-12 11:15:06.967
151,182,2,9ABC8DE3-3139-4AED-AFB6-CEE884EB3667,2014-09-12 11:15:06.967
152,98,2,56610BDE-EC51-41E4-B44F-8FAF5D86ECB0,2014-09-12 11:15:06.967
153,221,2,A4D33365-3D34-4C37-909D-058868F35D88,2014-09-12 11:15:06.967
154,137,2,B206E214-4376-4504-8411-E699E361463C,2014-09-12 11:15:06.967
155,53,2,005A3DAE-ED22-4888-9738-6FF74678FF22,2014-09-12 11:15:06.967
156,102,2,EEC4C1DF-C2F7-41E6-B76B-2E5BCAA495DA,2014-09-12 11:15:06.967
157,111,2,8F7E740A-8FE0-405B-8229-91BDBB8A6481,2014-09-12 11:15:06.967
158,75,2,1C4195F2-F8B5-4063-B2DE-042ECDC9DCF7,2014-09-12 11:15:06.967
159,177,2,CB4BF140-020C-4BA9-9B00-E4C02F80247D,2014-09-12 11:15:06.967
160,232,2,D373B354-BFB1-48D8-838D-3B5E2D03D8FF,2014-09-12 11:15:06.967
161,95,2,23FAAD21-7DE4-4026-AD18-245F10F614B6,2014-09-12 11:15:06.967
162,78,2,0339A0AE-8626-4CA5-AA2B-0E2427852F42,2014-09-12 11:15:06.967
163,248,2,2B0A83BF-EAE7-4707-A7A6-575E4BB0ABF4,2014-09-12 11:15:06.967
164,195,2,480E7F99-C450-429E-9470-F0B7930E36E6,2014-09-12 11:15:06.967
165,23,2,4D86D522-BBE7-4F72-A259-EFACC2E2CF16,2014-09-12 11:15:06.967
166,65,2,CB63F4D6-4002-44AC-92F5-8B7E2556D849,2014-09-12 11:15:06.967
167,45,2,F4416504-45DD-4A49-ABC5-503E72A76203,2014-09-12 11:15:06.967
168,59,2,778FBAE2-B5CA-4AB5-9C61-ACB4B25DA284,2014-09-12 11:15:06.967
169,193,2,97A53883-47BD-42A2-9AB9-25251AB5A6D1,2014-09-12 11:15:06.967
170,89,2,46E5E1E7-E094-401C-AF62-7D89B2E79E38,2014-09-12 11:15:06.967
171,129,2,D7153B81-CAA1-45B7-95B4-1E9708F77FEE,2014-09-12 11:15:06.967
172,200,2,16059C41-A70F-4FE3-ADC8-A9B619EB58CE,2014-09-12 11:15:06.967
173,205,2,D360FCFD-CB5E-4433-9DEA-CE96F2B48A1F,2014-09-12 11:15:06.967
174,52,2,1C424ACE-0263-455C-9913-2FFF753DD0C9,2014-09-12 11:15:06.967
175,223,2,F7CB921E-7B2F-4A1B-B6E3-DE375E1695CD,2014-09-12 11:15:06.967
176,73,2,25E89B22-D970-4A2A-A13C-240A081AAE4A,2014-09-12 11:15:06.967
177,163,2,1B71D38C-F92A-460A-A6F1-13ADDBFFEFBB,2014-09-12 11:15:06.967
178,244,2,9FA56134-D383-431E-AFF7-5E22171D46FD,2014-09-12 11:15:06.967
179,239,2,0D2A4F49-C599-4123-A223-F3A41DA190F5,2014-09-12 11:15:06.967
180,115,2,4BDAB953-4CDC-45C5-96A9-D690BA27AA8C,2014-09-12 11:15:06.967
181,70,2,6572425B-0F2E-403C-8FCD-2E959DB932C9,2014-09-12 11:15:06.967
182,202,2,B1398D33-4B9F-4915-93EA-2B8648A975C9,2014-09-12 11:15:06.967
183,32521,2,E2ED4B6E-7355-42FD-BC66-B7264AFADCE3,2014-09-12 11:15:06.967
184,80,2,4084C24D-40EA-4736-92EE-19897F3DF6FC,2014-09-12 11:15:06.967
185,82,2,F6A9461E-68AE-4A5C-A208-ABBAA685F7B9,2014-09-12 11:15:06.967
186,165,2,980CADCC-52A5-4C04-ADAD-03BB9195178E,2014-09-12 11:15:06.967
187,241,2,8F048532-2CE5-4F21-9D49-487E49E6FAE9,2014-09-12 11:15:06.967
188,86,2,ED480221-27B1-495E-8420-B7B143C12DD5,2014-09-12 11:15:06.967
189,64,2,797097F9-7F14-4593-9C83-4D5A1A7B2132,2014-09-12 11:15:06.967
190,123,2,CDA7A101-3C23-4B3C-8162-39E9B86C29F5,2014-09-12 11:15:06.967
191,112,2,97333EC6-13A4-43F0-A325-ED5F827087B6,2014-09-12 11:15:06.967
192,32510,2,8A67A81D-5CCD-457B-A961-8A8B20C60A27,2014-09-12 11:15:06.967
193,127,2,6DDB3995-023C-42AB-99CB-ADDBDDF24512,2014-09-12 11:15:06.967
194,58,2,052C0501-026A-47FE-A378-F626502026BE,2014-09-12 11:15:06.967
195,126,2,D082FA34-C6AA-45F5-810A-9A73F7B05335,2014-09-12 11:15:06.967
196,186,2,9982F918-5594-4CEC-85A0-31C93E4B9217,2014-09-12 11:15:06.967
197,154,2,90630B55-66B8-4317-86E1-9FFA5D52C6A3,2014-09-12 11:15:06.967
198,138,2,A097DE8C-E639-46B1-B6A1-70F0B069EDE3,2014-09-12 11:15:06.967
199,106,2,8F7286F3-421F-4F6A-90B4-E963DB409420,2014-09-12 11:15:06.967
200,116,2,4B114E37-5DAE-44B0-8A16-8E9D96540D21,2014-09-12 11:15:06.967
201,57,2,22A552C5-0831-4217-B298-20E3624C9F92,2014-09-12 11:15:06.967
202,104,2,893D3D30-4383-494E-8E64-FA2B842F50A5,2014-09-12 11:15:06.967
203,242,2,03BC57D8-AFF7-42D9-8BD8-8F107A4F3E96,2014-09-12 11:15:06.967
204,147,2,228C306A-07A5-4365-BA82-170D8BFCC4D7,2014-09-12 11:15:06.967
205,207,2,587CF895-DA0F-47D8-9F8B-602B31DCBE9B,2014-09-12 11:15:06.967
206,169,2,252180AC-CA62-409A-8E25-F4F1DF48F687,2014-09-12 11:15:06.967
207,156,2,F1BFEF01-E05A-458E-82A0-9EFC106A58F4,2014-09-12 11:15:06.967
208,107,2,D7F0F228-C7BE-4AB3-A0C1-76298C90D1ED,2014-09-12 11:15:06.967
209,228,2,B4703425-DA44-4833-976B-B0E054AB3B25,2014-09-12 11:15:06.967
210,6,2,B92916DB-2ECA-4001-840E-7E95A9149511,2014-09-12 11:15:06.967
211,32515,2,4FAC1ECE-1D5C-485C-8F0D-DE35570C1838,2014-09-12 11:15:06.967
212,10,2,976974C8-6655-4A9D-BEE8-3FD0478F8858,2014-09-12 11:15:06.967
213,32511,2,2B5DC33B-2413-448E-9FA7-4C7166EC1564,2014-09-12 11:15:06.967
214,292,2,F2285BB2-739C-4046-B569-C322A3A7870F,2014-09-12 11:15:06.967
215,280,2,403F9B40-F4A2-4C3F-B871-F5BEFD035315,2014-09-12 11:15:06.967
216,281,2,8AD26688-755F-4009-BF8E-B8581466D91E,2014-09-12 11:15:06.967
217,277,2,405FEFE0-5F1B-4D17-A4CF-AE7682D2CDAF,2014-09-12 11:15:06.967
218,276,2,62C15F96-B16D-4B88-940E-55ADAC3D7760,2014-09-12 11:15:06.967
219,278,2,19604A59-7CDA-436F-993C-D8E4D954DAE3,2014-09-12 11:15:06.967
220,265,2,1DC5C524-4692-4EB8-84C3-D27ED784C4A8,2014-09-12 11:15:06.967
221,275,2,5BA46651-A29D-41AE-B429-D27F117AAD36,2014-09-12 11:15:06.967
222,250,2,168EF75D-4939-4BA5-B9A5-CDC985ABD9A0,2014-09-12 11:15:06.967
223,32518,2,B2EC725F-B838-46E9-A233-3A06C6CE2223,2014-09-12 11:15:06.967
224,188,2,002785A3-BC48-48A7-B8EC-5D6DEE2E3678,2014-09-12 11:15:06.967
225,50,2,05C091EE-7DA6-4CDB-AB5E-EE2BA5BF6B3A,2014-09-12 11:15:06.967
226,247,2,C3D0A5E0-FE86-4B36-A9C1-CD739C1A1FB3,2014-09-12 11:15:06.967
227,285,2,05638AF0-96A1-4796-904F-24DD6CA0418D,2014-09-12 11:15:06.967
228,258,2,B2690EE1-F2B3-4E2B-B6B0-B67803A9FDCC,2014-09-12 11:15:06.967
229,263,2,E736E7F1-ADBB-4FDB-A563-A171900DDB7A,2014-09-12 11:15:06.967
230,289,2,B81D8CE2-3735-4D6A-9541-405D5D035855,2014-09-12 11:15:06.967
231,261,2,BEF22529-DA61-4E95-B605-4F5394DA96E1,2014-09-12 11:15:06.967
232,257,2,516B6589-B4E2-42F1-AB6B-FBD319D72AD2,2014-09-12 11:15:06.967
233,291,2,FBDE387C-038D-47EA-9E42-CBE05112682D,2014-09-12 11:15:06.967
234,296,2,3994345E-D442-441C-9309-C353669C5417,2014-09-12 11:15:06.967
235,178,2,FA2DDB03-5279-4D82-8047-BCFEF7D1DD10,2014-09-12 11:15:06.967
236,259,2,6E69ED22-F10A-460A-8097-C4347BE820C3,2014-09-12 11:15:06.967
237,266,2,330CD35B-FCBB-4950-AB70-B5E719A4C6F0,2014-09-12 11:15:06.967
238,254,2,296EC178-B3DA-4129-95F3-9027F0A7411F,2014-09-12 11:15:06.967
239,252,2,4BCA0C2D-1601-497C-8E51-1E4EE2944886,2014-09-12 11:15:06.967
240,235,2,9E7C79B5-18B9-498B-8724-BA6F4D59505A,2014-09-12 11:15:06.967
241,256,2,9AC2DAC3-2624-4D4E-885E-5D83481926E0,2014-09-12 11:15:06.967
242,245,2,11DA1D3D-968C-42C1-B0BA-203155725F7F,2014-09-12 11:15:06.967
243,262,2,BD10427D-DDD3-467E-9B46-3D438A1F183B,2014-09-12 11:15:06.967
244,253,2,753E7BB3-6783-4238-8FA0-E0B9E1D59E70,2014-09-12 11:15:06.967
245,32519,2,22F97328-2723-41B3-A208-BD65593F70D5,2014-09-12 11:15:06.967
246,260,2,DCB7EE19-B4D7-4B5C-9864-C77EB8A49E08,2014-09-12 11:15:06.967
247,192,2,3B81089C-1327-4CE6-BAB0-23D88F56499F,2014-09-12 11:15:06.967
248,264,2,8FD87205-20C9-4445-8DEE-4435E872002E,2014-09-12 11:15:06.967
249,196,2,3D79A6CF-482E-4E31-AA1B-BADA685C09A9,2014-09-12 11:15:06.967
250,32509,2,CFCC7ABD-D218-436D-BE77-C44EF9983A32,2014-09-12 11:15:06.967
251,4,2,1FCE9144-06CB-467D-AA5D-B2EA6F68D019,2014-09-12 11:15:06.967
252,284,2,15E3C029-B7DD-4436-B81D-1072398C7CAA,2014-09-12 11:15:06.967
253,183,2,6D70A98E-D3D7-4BD1-9107-B54CDAA84207,2014-09-12 11:15:06.967
254,176,2,6EF10612-313E-424E-951C-F2251AA7D485,2014-09-12 11:15:06.967
255,32508,2,6CA6728D-564C-42C5-A2FF-26924B5E1CA0,2014-09-12 11:15:06.967
256,282,2,953B337B-9E63-4F7D-8F89-D1CE52D77226,2014-09-12 11:15:06.967
257,283,2,B76C9BD3-93F2-45A3-BA92-0730EE43D928,2014-09-12 11:15:06.967
258,180,2,56B7FB0E-5CF2-42FE-AE6A-B6DE19171A20,2014-09-12 11:15:06.967
259,215,2,A09FE307-2307-462E-AC00-CCBD2A54DE47,2014-09-12 11:15:06.967
260,211,2,7881934F-323D-4228-9AE4-044345AE9C10,2014-09-12 11:15:06.967
261,173,2,E77FCF1A-A944-4600-AB2D-637C7DB317C1,2014-09-12 11:15:06.967
262,251,2,66EED4AC-1D84-4AA4-994E-F496EADBFAB4,2014-09-12 11:15:06.967
263,210,2,BC0B1375-59EA-415C-B0B8-B992312D4B78,2014-09-12 11:15:06.967
264,268,2,093E7CA4-C7DA-4FAB-981F-2D008850BBF2,2014-09-12 11:15:06.967
265,270,2,B7B87FD1-BA69-44AA-8191-2366382BABB1,2014-09-12 11:15:06.967
266,269,2,41226CDE-302E-44A9-B276-A249074AEE79,2014-09-12 11:15:06.967
267,274,2,70C08854-E068-4379-AB4C-471B31D9F56B,2014-09-12 11:15:06.967
268,273,2,0677D60F-22E9-417B-A456-4F3266FCF6B6,2014-09-12 11:15:06.967
269,272,2,31864905-252B-42C1-B014-3E4CE948B2FD,2014-09-12 11:15:06.967
270,267,2,1DCEE596-88CC-4DD5-9055-FF1431B2B35A,2014-09-12 11:15:06.967
271,32520,2,DEDBAB35-9569-4472-AA9A-7055742710CC,2014-09-12 11:15:06.967
272,271,2,27434B9B-A220-4677-9AB0-AD79DA68162B,2014-09-12 11:15:06.967
273,279,2,19752555-0F3C-4D9A-A6A7-49BDBAEC66CF,2014-09-12 11:15:06.967
274,216,2,D96D640F-3AD1-40E8-8B9B-10D5220DCC40,2014-09-12 11:15:06.967
275,38,2,C5340C8C-4042-490E-AFEF-E2841D705823,2014-09-12 11:15:06.967
276,27,2,E434CBDE-A6A2-4C39-A6F4-4BC063F37A15,2014-09-12 11:15:06.967
277,24,2,4759354A-F878-46E9-8E19-9C8015EA19DF,2014-09-12 11:15:06.967
278,33,2,7B51426E-2E3B-4300-AEC8-8BCCA1ECAF14,2014-09-12 11:15:06.967
279,29,2,02BE8769-3A6F-4244-9419-4459DE9765FF,2014-09-12 11:15:06.967
280,22,2,ED7624A5-F89A-41A8-90D1-7A04053ED7B8,2014-09-12 11:15:06.967
281,26,2,905D59C9-B3C3-4C80-A597-5BB56D70A8C4,2014-09-12 11:15:06.967
282,31,2,7665311A-67FA-48A7-B879-C1B4556A07B5,2014-09-12 11:15:06.967
283,32507,2,C5CE589B-28DF-4583-85D3-A883B9863C14,2014-09-12 11:15:06.967
284,39,2,9F839C13-E06D-4FA2-951F-9C5C354568C4,2014-09-12 11:15:06.967
285,3,2,DACFBC8F-1F78-4909-A25D-232034A831C1,2014-09-12 11:15:06.967
286,36,2,19A6516F-D2EA-400C-AF8E-D5C50E604B7C,2014-09-12 11:15:06.967
287,300,2,FA79A107-67BF-43D2-A2D8-EAC5D6EA359B,2014-09-12 11:15:06.967
288,35,2,5DF50F2C-435E-4A4D-B78D-A618B51D7956,2014-09-12 11:15:06.967
289,37,2,D2A1A082-60EE-43F4-82E4-969DDE6D25F5,2014-09-12 11:15:06.967
290,34,2,C3C2192F-8F3D-45EF-B4DE-C3358D887108,2014-09-12 11:15:06.967
292,975,3,F3FCEDCC-4E4F-4894-91EA-7DC120D172DC,2011-08-01 00:00:00.000
294,1086,3,16765338-DBE4-4421-B5E9-3836B9278E63,2013-07-31 00:00:00.000
296,621,3,22B3E910-14AF-4ED5-8B4D-23BBE757414D,2011-08-01 00:00:00.000
298,818,3,2253AB17-FA68-4199-847F-576ACB0B0A21,2011-08-01 00:00:00.000
300,436,3,06516F71-F94B-4EB4-9B87-01A10C82C867,2013-07-31 00:00:00.000
302,1069,3,A095C88B-D7E6-4178-A078-2ECA44214801,2011-05-31 00:00:00.000
304,887,3,F12E1702-D897-4035-B614-0FE2C72168A9,2012-07-31 00:00:00.000
306,807,3,2E88264C-7EC2-4EC6-AEB8-18BC38B4F7B4,2011-05-31 00:00:00.000
308,618,3,5B3B3EB2-3F43-47ED-A20C-23697DABF23B,2012-10-30 00:00:00.000
310,970,3,91AC0B58-D96E-4B9E-844C-634436C6CC7D,2011-07-01 00:00:00.000
312,537,3,492D92B6-31AF-47EA-8E00-7C11C7CCC20D,2011-08-01 00:00:00.000
314,745,3,70F8C905-40B9-4396-B4D1-E44DB0F2F34D,2013-06-30 00:00:00.000
316,1072,3,0A66B0F3-24BC-4148-9661-26E935CEC99A,2013-07-31 00:00:00.000
318,889,3,7E0B56FD-7324-4898-BEDB-2F56A843BB0F,2011-05-31 00:00:00.000
320,809,3,D512FABC-F086-462E-91B7-FF3A99316E79,2011-08-01 00:00:00.000
322,742,3,A1718E2D-8BC4-4D75-BEC8-66B737868892,2012-07-31 00:00:00.000
324,527,3,C90CB0C3-976A-4075-A2B9-13136F4F1A92,2012-07-31 00:00:00.000
326,962,3,7FAFBE3B-73CE-48C7-9D46-1F06442D8C97,2012-05-30 00:00:00.000
328,815,3,00E8281F-D754-4128-86BB-702DB8BF588D,2013-07-31 00:00:00.000
330,893,3,8ACB1C6A-7CDF-417B-AFD5-9F4C642F3C7E,2013-05-30 00:00:00.000
332,32,5,BE00FFC6-194B-44E9-A129-DFBEB8F1301F,2012-06-30 00:00:00.000
332,541,3,6811DBE3-1F02-440C-932E-A54F403B3E51,2012-06-30 00:00:00.000
334,973,3,9E2909A4-7E91-4301-9E48-439CCD581B7F,2011-08-01 00:00:00.000
336,1083,3,740A06AF-77F1-45CA-B284-38537324F86A,2013-03-30 00:00:00.000
338,1082,3,DD51A14D-45F5-44E9-BF3B-260F0E08E545,2013-06-30 00:00:00.000
340,972,3,3169C3F5-86C5-4F40-B79D-0C8757F3E4BB,2011-07-01 00:00:00.000
342,619,3,2DD326F6-02DA-44B7-96FB-B3A86067C5EE,2011-10-31 00:00:00.000
344,816,3,1AD5A564-C947-4366-9C82-218F035D9E61,2011-07-01 00:00:00.000
346,540,3,AF6DCC27-DCCB-40DE-9445-3F4990AABD28,2011-07-01 00:00:00.000
348,1046,3,61CB8C51-7C96-4306-8050-56C90504972B,2011-07-01 00:00:00.000
350,435,3,74F78DCA-87C6-4C76-ADC2-7B8F9B15DD92,2013-07-31 00:00:00.000
352,964,3,85AE8F85-A063-4ACE-9190-F19EAE03C495,2012-06-30 00:00:00.000
354,947,3,178D8FB7-FA8E-4B85-B6CC-383C430D8895,2013-07-31 00:00:00.000
356,504,3,A5F1A232-3CCE-4149-9892-DE9895BC0F07,2011-07-01 00:00:00.000
358,424,3,6AE19319-ACEA-4A8F-8B88-A8EEA2243D6B,2013-06-30 00:00:00.000
360,794,3,DB4D3044-7BF4-4D65-B48E-3FF927A842F0,2013-06-30 00:00:00.000
362,949,3,984D687D-072E-431D-9664-7FC4CB7C77E2,2011-08-01 00:00:00.000
364,957,3,4AF4D736-0926-4DBF-9BFA-C9EC47C8199F,2013-06-30 00:00:00.000
366,952,3,84549DF7-EFBD-404F-A2E8-5FDABBB477F3,2012-05-30 00:00:00.000
368,1054,3,C0F708C3-9147-44C4-B6CB-FD5B765343C0,2011-07-01 00:00:00.000
370,1040,3,997006D9-674C-4153-86D0-2EFA7E1FEBF4,2011-07-01 00:00:00.000
372,593,3,15D1E8B0-E626-465C-A565-98500B56C077,2011-07-01 00:00:00.000
374,599,3,75724647-82A0-49C5-A841-F991BBAEBE18,2013-06-30 00:00:00.000
376,1049,3,E1E5AF17-D958-4A88-B537-444F2BE24538,2011-08-01 00:00:00.000
378,737,3,1FC5796C-FA2B-484B-9ABE-AD0B6E5BE8E7,2013-06-30 00:00:00.000
380,512,3,DECEF565-C5D1-4396-A45F-27C635833B31,2013-07-31 00:00:00.000
382,788,3,65C98567-6A79-44F0-BE71-264547362402,2012-07-31 00:00:00.000
384,421,3,BD505F93-4AAC-437D-AFFB-7CE9FF1541DB,2013-07-31 00:00:00.000
386,495,3,2A12A463-DCA0-480F-83D6-AB58A43E1D24,2012-07-31 00:00:00.000
388,1061,3,14E08CFE-CF7E-4E76-A5FD-7624CAE2482E,2011-10-31 00:00:00.000
390,881,3,4AC4ECBE-4775-492A-8776-41237D7C6ABA,2012-08-30 00:00:00.000
392,801,3,CD6229C0-A0FA-4A48-B4E1-D1C02437CAA8,2011-05-31 00:00:00.000
394,941,3,6F87CAB2-F427-4821-AA7D-45B539B2CEA5,2013-07-31 00:00:00.000
396,1037,3,605207C7-5CC9-46CF-951C-C7A239F51AAE,2011-08-01 00:00:00.000
398,591,3,26821E31-0E0E-4D73-A494-34F630B636C4,2012-07-31 00:00:00.000
400,1057,3,3E1ADF38-E1EF-4FEF-896D-1818D8FFFEE0,2011-08-01 00:00:00.000
402,879,3,50D26D49-6014-4C58-926B-6BD9FDBE5161,2012-05-30 00:00:00.000
404,799,3,A9534F60-65C6-42E2-A30C-F4530D31E642,2012-06-30 00:00:00.000
406,786,3,EFA08457-C8D8-4DAF-A27F-BF6DFAF76863,2012-10-30 00:00:00.000
408,420,3,CFB96EFA-26DA-4D08-9C40-90DAA7005329,2013-07-31 00:00:00.000
410,416,3,DFD4E328-E2F0-423B-86C4-E09FC29E3BFF,2013-06-30 00:00:00.000
412,480,3,6F7DDA53-7B9D-4710-AEB9-20EA0EA5098B,2011-07-01 00:00:00.000
414,931,3,473C3DB8-A598-452A-840D-2F1028FB9425,2012-06-30 00:00:00.000
416,722,3,D9488C14-F65B-467B-978C-67A9A0BA249A,2012-05-30 00:00:00.000
418,467,3,22B4D3BB-6AF2-4D40-8F84-10FAD8D5A74F,2011-10-01 00:00:00.000
420,752,3,D959FCCD-ADE6-46A5-8FE1-D25403A7923D,2013-06-30 00:00:00.000
422,827,3,B35A0EBC-8663-480D-9EEF-B9F7BCB7C605,2012-06-30 00:00:00.000
424,804,3,1D5F099A-D54D-4B43-907F-FEF11A14B96C,2012-06-30 00:00:00.000
426,429,3,54C3F54C-BB43-4938-821A-46AF3F6E6A3B,2013-06-30 00:00:00.000
428,519,3,B1D3B3FA-E485-4F4C-B781-B4EFB273DEDC,2012-06-30 00:00:00.000
430,11,5,3D88495A-776E-414A-A91E-6D8979A35D86,2013-02-28 00:00:00.000
430,834,3,6E047F2B-6170-47BB-8D14-8A0702D1EB17,2013-02-28 00:00:00.000
432,635,3,BFF85EBD-CCD0-4DAA-AFBB-B415EDF44265,2012-07-31 00:00:00.000
434,675,3,FED38668-ADE8-4D01-BF5E-A12F0084A8E0,2012-06-30 00:00:00.000
436,422,3,5736657E-2A82-4E33-AE58-9237A63260B4,2013-06-30 00:00:00.000
438,498,3,1419EA0F-F8EE-4D5B-9E5F-90FC3A9999CA,2011-07-01 00:00:00.000
440,943,3,5919E960-E8C3-4A5C-9996-08C4D5531CC8,2011-05-31 00:00:00.000
442,853,3,68F33BFF-28C2-4ADF-A6F0-EF5ED52C0172,2013-07-31 00:00:00.000
444,773,3,8E85B010-0C09-42BD-AFD3-19960F80BAC5,2013-07-31 00:00:00.000
446,724,3,5C1CB8C4-4E3C-40F0-9F48-0914CB6572C3,2013-07-31 00:00:00.000
448,1022,3,8DD7E1F9-8487-448B-A482-170F3DE886B7,2011-05-31 00:00:00.000
450,581,3,6332EC14-CE8A-48AC-B1C2-476077E07952,2013-07-31 00:00:00.000
452,776,3,316172FC-BA5F-4A48-86E0-5213A7F59059,2011-10-01 00:00:00.000
454,772,3,421B777D-7D4A-487E-B58D-93F46080997A,2011-10-01 00:00:00.000
456,413,3,D222C320-09A4-4850-9601-5FAD1BC82C7D,2013-06-30 00:00:00.000
458,1084,3,D4CB7A04-FFF7-4BF3-8991-3829A7299269,2013-03-30 00:00:00.000
460,1055,3,0AD25697-D868-4143-B836-270732D3F13F,2011-07-01 00:00:00.000
462,953,3,65E09C8A-CE7A-4EB2-B406-1DFFBDCFB98A,2012-05-30 00:00:00.000
464,513,3,D3E8FA3E-72B0-4059-A99F-ED52F631E72C,2013-07-31 00:00:00.000
466,500,3,C646937C-7B2B-4284-994C-11D7BF5E1F21,2011-07-01 00:00:00.000
468,944,3,422B57A8-CA0C-44E3-86D9-5F21D0E1BBA3,2013-05-30 00:00:00.000
470,1042,3,AE1BEBF8-1E3B-4728-9EE2-75CFF018A1FA,2011-07-01 00:00:00.000
472,185,5,4764266C-0FA0-4ADB-913F-013DA52D6353,2012-07-31 00:00:00.000
472,861,3,30233957-E9B2-4C10-9621-6704AD79D316,2012-07-31 00:00:00.000
474,1030,3,4012A207-360D-4189-833C-61B0EBE4E593,2012-06-30 00:00:00.000
476,936,3,4BDEE52F-DD95-41AE-A679-BC023E236702,2013-06-30 00:00:00.000
478,1091,3,5A938E81-23B5-41F1-9F19-48AA09F5EB48,2011-08-01 00:00:00.000
480,978,3,DCFE763A-88E9-45ED-A173-400172497FDD,2013-07-31 00:00:00.000
482,708,3,A15E545E-A127-46EC-82D5-721E55C512FB,2013-06-30 00:00:00.000
484,1073,3,ABBED10E-0CD0-4808-9465-D8DE63BB0B8D,2011-05-31 00:00:00.000
486,615,3,58BAE6C5-E2A4-4081-8CBA-AE3A91974B32,2011-05-31 00:00:00.000
488,810,3,81390AF7-D4D0-4F4D-AF42-AB21F5713F14,2011-05-31 00:00:00.000
490,448,3,4F5A655A-1259-4F7E-95F6-CD18CA6B9A01,2013-06-30 00:00:00.000
492,993,3,DCEC97AC-FC1A-4FAC-9DD5-B7CAB0625D77,2012-07-31 00:00:00.000
494,562,3,1F8372C3-2AE5-478B-90D2-618E6C5B28F5,2011-07-01 00:00:00.000
496,592,3,FFF86E21-3F2F-4DEE-A66F-E750ACEB288C,2011-05-31 00:00:00.000
498,864,3,0051C719-AEEC-46F0-8430-562D074BE9E9,2011-07-01 00:00:00.000
500,474,3,10445F9A-1A46-4554-A811-15A45AF8FA8B,2011-08-01 00:00:00.000
502,927,3,F386BF07-83F0-4089-BBCA-18F2241DC6A2,2013-07-31 00:00:00.000
504,1016,3,BE9052DE-38C3-4055-88C4-D1CBF9E4A7F2,2012-07-31 00:00:00.000
506,577,3,44D2BD82-E3B9-4390-B645-8F03E8F53237,2012-07-31 00:00:00.000
508,698,3,AB36CB48-C204-4B47-8CD0-37101A867CB5,2013-06-30 00:00:00.000
510,514,3,F0D0449B-B4B5-4BEE-AE9E-DDA391E1971A,2012-07-31 00:00:00.000
512,471,3,79195F71-4929-4C90-BE50-D9DFD1767268,2011-08-01 00:00:00.000
514,925,3,04F1155D-6F3D-4EEE-94D5-15E17F7D9A6B,2013-08-30 00:00:00.000
516,1012,3,1D926304-E5CD-401C-B40A-C68C9CA545C8,2012-07-31 00:00:00.000
518,849,3,2548C6C5-6E73-472A-A5C8-7BC82D223038,2011-05-31 00:00:00.000
520,769,3,B7629946-B849-4304-AFCE-02F2167151BD,2011-08-01 00:00:00.000
522,848,3,8E96ECCF-87C9-4123-9658-82807BF5CC39,2011-07-01 00:00:00.000
524,576,3,12FDB97E-8664-4A38-8B9D-E7A5D48D3E6B,2011-10-01 00:00:00.000
526,1014,3,27F155C4-618E-41E0-B843-6887C0B1FD95,2012-07-31 00:00:00.000
528,841,3,85C76950-0A27-4B55-8C4D-4673172D5AC1,2011-10-01 00:00:00.000
530,761,3,E2C96C52-2035-45F1-A2E1-8D835BA14462,2013-06-30 00:00:00.000
532,718,3,AE69DC7A-5751-433E-A241-D07B604427C1,2013-06-30 00:00:00.000
534,664,3,BE7DA2A1-7558-4566-84D7-90F67DC24375,2012-05-30 00:00:00.000
536,890,3,AA005E64-2103-433D-AC7E-886222396936,2011-10-01 00:00:00.000
538,732,3,B2A667AA-992D-442B-B40A-3AF83374A0B6,2013-05-30 00:00:00.000
540,789,3,B6AA96AC-8470-4683-923C-6D8C00A023DC,2012-06-30 00:00:00.000
542,584,3,20668D7D-B2DA-43DD-83DB-4F02A269924B,2013-05-30 00:00:00.000
544,778,3,EF8EBA82-A7DA-4E97-9D8D-C00F5BD3DEA9,2011-08-01 00:00:00.000
546,585,3,0B887414-135A-43F6-94DC-60A220362C6D,2012-06-30 00:00:00.000
548,780,3,D1DCDA0C-ADE0-4BAA-889D-CD1476A52539,2012-05-30 00:00:00.000
550,417,3,F2E39FDA-DB7E-4675-B231-DF05FBC87BB2,2013-05-30 00:00:00.000
552,458,3,F304C494-8B65-41A7-A144-853FF6DCF91C,2011-05-31 00:00:00.000
554,916,3,BCD1B3B9-B08C-4B27-B693-924B2E170341,2013-06-30 00:00:00.000
556,1000,3,36D419A6-97C3-4CF3-96EF-8C8951FAF7D3,2012-06-30 00:00:00.000
558,877,3,DB83BCB8-214F-4B20-92C8-75D4B982A134,2012-05-30 00:00:00.000
560,797,3,979ABDF5-114C-4324-9B43-0E9F090A6174,2012-07-31 00:00:00.000
562,516,3,A35638E6-0F87-47C0-9C72-1B65CADFAF59,2012-06-30 00:00:00.000
564,428,3,720A9CEF-0C85-4CED-B9B8-97EA5027A9E6,2013-05-30 00:00:00.000
566,518,3,04A7A4FF-6708-4C08-A502-4DAEAA666D55,2013-07-31 00:00:00.000
568,956,3,EE105AF2-3A90-49F0-A13C-230921D0D97F,2012-05-30 00:00:00.000
570,1060,3,A0DF5593-0A1D-4670-AF3E-FFF343EC50B3,2012-05-30 00:00:00.000
572,1045,3,78E110B9-70E3-4086-AEBB-59954DB5309E,2011-07-01 00:00:00.000
574,871,3,3F467555-2C79-4CB8-906F-C45DAEB8D9A6,2011-05-31 00:00:00.000
576,791,3,C0E0BF57-1F5E-4DF0-9B06-129EFFF9DDF8,2012-07-31 00:00:00.000
578,733,3,6C64342F-0570-437F-86C8-37715D6FF3A3,2013-07-31 00:00:00.000
580,488,3,79B712ED-91C6-418C-91CB-8AF9169546E8,2013-06-30 00:00:00.000
582,729,3,B1E77962-D333-4A8B-A592-4EABB97B3AE1,2013-06-30 00:00:00.000
584,783,3,445921D5-BDCA-4BED-A06F-3DF26810EF57,2011-05-31 00:00:00.000
586,862,3,EA3C1ACA-7D46-4842-8A52-4A5E04DE9E13,2011-10-01 00:00:00.000
588,649,3,56DC2277-C288-484C-AFB3-52624182ABA6,2013-07-31 00:00:00.000
590,689,3,F10E2E8E-982C-438E-B59E-1B082D65273E,2012-05-30 00:00:00.000
592,529,3,5A69E600-61EC-49FC-8CF9-40FCAABBB48C,2011-05-31 00:00:00.000
594,703,3,10ED68A8-D710-491E-BD6A-9B458FC7C29A,2012-09-30 00:00:00.000
596,663,3,C456F6E1-9405-4707-A039-D355ACBD0FAC,2013-06-30 00:00:00.000
598,608,3,6511AD85-E361-4A97-98E5-F9E49E04CE0B,2012-06-30 00:00:00.000
600,880,3,D159DB17-53D1-42E0-91D8-F926AB6413E6,2011-07-01 00:00:00.000
602,658,3,8EE07B7F-D561-45A5-9D78-EF7D9223B535,2012-06-30 00:00:00.000
604,793,3,F0E06CDE-22FA-4B4C-A167-0F6D87F9F397,2012-06-30 00:00:00.000
606,734,3,8E3F91F0-075D-4EE9-841E-3668F018B7F4,2012-05-30 00:00:00.000
608,503,3,C7A8A997-0817-42D2-A150-5785F7A4E47F,2011-07-01 00:00:00.000
610,946,3,3057B55B-E839-4381-88CB-ADDFE2E868A0,2012-09-30 00:00:00.000
612,863,3,347CA34C-5205-464E-83F7-BEB956DFDF7D,2011-08-01 00:00:00.000
614,1033,3,5BB7CC4F-58E9-447A-8012-E36AB7AE7F67,2013-05-30 00:00:00.000
616,30,5,273651CE-9671-4A98-85DF-6DEC0A28F68F,2011-07-01 00:00:00.000
616,938,3,D1D1863F-037F-4E8A-8FA1-E9BB91787FFD,2011-07-01 00:00:00.000
618,491,3,72BC757F-5890-414A-948F-EF5C3EE0F5EC,2013-07-31 00:00:00.000
620,909,3,69F116D0-DBA3-47CE-B7DA-6D135279AB7B,2012-09-30 00:00:00.000
622,447,3,E25D9B43-EDEC-4E35-AA93-B12417EF7A61,2012-06-30 00:00:00.000
624,405,3,B60FF526-EFDF-4406-BDC6-FBEAC58643C4,2013-07-31 00:00:00.000
626,469,3,9CD7B713-3133-4816-8375-3458AA5DF285,2013-07-31 00:00:00.000
628,683,3,4F49431E-0D9E-4F2C-8ECC-1AD817F83FC9,2012-06-30 00:00:00.000
630,1003,3,8C52E68F-6799-48B5-99D9-857FE08275FB,2013-05-30 00:00:00.000
632,843,3,6897A92D-B5F7-467C-8D61-F89E28D0D908,2011-08-01 00:00:00.000
634,763,3,4DFAB986-DFD0-4089-BA4B-DE56AB5F3FAF,2012-06-30 00:00:00.000
636,719,3,B14CBF02-036F-4816-870D-43F65E81C792,2013-05-30 00:00:00.000
638,634,3,194A6DF5-F0E4-484D-9113-A9FCE5961104,2012-07-31 00:00:00.000
640,1105,3,A15F4F5F-A90F-4908-B8A7-9D126BE5DA1E,2012-05-30 00:00:00.000
642,559,3,991E29FA-E7C2-487A-BDD8-33CA4A36F61B,2011-08-01 00:00:00.000
644,989,3,3DB4D2FF-611F-416C-A6E4-41292B13E04B,2013-07-31 00:00:00.000
646,723,3,FF2CD359-27ED-498D-893F-F548A0B73D8B,2012-06-30 00:00:00.000
648,470,3,70C47450-562C-43BC-8596-ABFFDDE831FE,2011-08-01 00:00:00.000
650,924,3,C8FCD304-A338-437D-B73C-4B60E7F88B72,2012-06-30 00:00:00.000
652,1088,3,ACA58BAB-7BA5-4CB5-888D-8D9204653CEB,2013-05-30 00:00:00.000
654,976,3,8C011D12-0D79-4691-83B9-F5A54611D0AD,2011-08-01 00:00:00.000
656,899,3,13FFDF92-458D-454C-A4DF-0E6E7A02D459,2013-06-30 00:00:00.000
658,643,3,8DAB6BF4-7ED7-4E97-BAFE-3CE95649E24C,2012-07-31 00:00:00.000
660,850,3,D3B73C0F-674C-43CD-B134-7DBEBAE4CE71,2013-07-31 00:00:00.000
662,578,3,3E7CCF61-0B32-4C9F-9089-6A8EF172C755,2011-05-31 00:00:00.000
664,820,3,64AC2EAE-F692-4D11-9B57-03F1F42AE390,2012-05-30 00:00:00.000
666,437,3,D4169CE0-9333-4CEF-B18E-25D4FDCB915F,2013-05-30 00:00:00.000
668,544,3,65FEDC39-AC5B-434D-886E-23E4F2A451D4,2011-08-01 00:00:00.000
670,1059,3,4B9A5374-FE8B-4078-B553-820D667615B5,2013-05-30 00:00:00.000
672,606,3,02321ECF-27E9-42D1-BCF1-F595F871637E,2011-08-01 00:00:00.000
674,878,3,B3BDCE5F-85C8-4A55-A0C0-0777D27F0204,2012-05-30 00:00:00.000
676,415,3,2BE9025F-1297-432E-974F-1B6E64F12F28,2013-07-31 00:00:00.000
678,477,3,59E6E5F2-D3FE-4F90-9E4A-A3EF0957589A,2011-07-01 00:00:00.000
680,929,3,7B5B8D64-892F-4999-A28F-8D226EB80C81,2011-08-01 00:00:00.000
682,1019,3,1D45CB08-2542-4FD1-BDAC-8994EF616BA2,2013-07-31 00:00:00.000
684,579,3,F54AB81B-11AC-4F30-AB25-34FBC123F7CB,2012-05-30 00:00:00.000
686,774,3,F0850212-FACF-49E3-BF75-11DC7F94FBC6,2011-08-01 00:00:00.000
688,414,3,F8080469-13F9-48E1-BAAB-AE40BAAFAB1B,2013-05-30 00:00:00.000
690,427,3,471A520A-9BB4-4F24-AEE4-50EB49BB7B8C,2013-06-30 00:00:00.000
692,800,3,5B53474C-14AA-4139-9B70-11790072AC81,2012-05-30 00:00:00.000
694,605,3,E7EFB591-07EB-4D11-AF71-796E8ED9394B,2011-08-01 00:00:00.000
696,1058,3,035B6B42-9FF6-444D-8E99-05052EDBB5A4,2013-07-31 00:00:00.000
698,955,3,B96B36D8-DEB1-4A85-BDF2-8A0D94904FE3,2011-05-31 00:00:00.000
700,1013,3,ACF1AEBD-75BF-4969-98EF-BE0D13C9E6EE,2012-06-30 00:00:00.000
702,575,3,4821E5CB-21A0-453E-8862-64964817EB4C,2012-07-31 00:00:00.000
704,770,3,475B4D83-D986-4B8A-A7DD-C78ADA2588DC,2011-07-01 00:00:00.000
706,412,3,DFA9A1B3-1C38-4096-915F-CF057A6003DC,2013-06-30 00:00:00.000
708,468,3,18FA01B8-E614-4B12-BB6D-97074DD84A95,2013-06-30 00:00:00.000
710,923,3,E9B5C207-D0AC-401A-B9A3-22A336501D44,2012-06-30 00:00:00.000
712,1010,3,026504F6-BC57-43ED-9784-57B2F0C9EFE6,2013-06-30 00:00:00.000
714,573,3,779CEF11-027C-4921-9F5B-6537A571C4AA,2011-10-01 00:00:00.000
716,768,3,2C7E0700-ED37-4A14-9646-A207A9DFE6A5,2011-10-31 00:00:00.000
718,411,3,43DF5398-2BC0-4793-9A6B-087E8D54F07C,2013-05-30 00:00:00.000
720,465,3,79D1D469-4B2E-4D34-BC80-4192F8460475,2013-05-30 00:00:00.000
722,921,3,18D6D088-62E0-4C44-8F16-9375528E8F1D,2011-05-31 00:00:00.000
724,1007,3,B9B287C6-DC4D-460F-A332-CBCF58899220,2011-08-01 00:00:00.000
726,571,3,CB83564E-FAA7-4F31-A5E2-333BAFDEC072,2011-10-31 00:00:00.000
728,765,3,940AEE00-FA2A-4ECA-A819-CD821CC8E0D7,2011-07-01 00:00:00.000
730,720,3,63C72A08-D6A0-4B2B-8772-B424C063C227,2013-07-31 00:00:00.000
732,461,3,1B90B381-1C88-4B48-9C8C-E13810F1E20D,2012-06-30 00:00:00.000
734,918,3,A92D4127-3289-4E5E-8D06-E4C11E32CD9D,2012-07-31 00:00:00.000
736,736,3,AF2928B1-A9C2-4CB1-B13B-555D4712B76E,2013-05-30 00:00:00.000
738,509,3,55A31949-E55B-47EE-B11F-410560C489EF,2011-07-01 00:00:00.000
740,950,3,A1846C19-3741-4040-93A8-4846E8EFA836,2011-08-01 00:00:00.000
742,1051,3,A59C8221-1327-40E5-BC07-D3204B58EF3C,2011-08-31 00:00:00.000
744,875,3,E7B2FA46-3587-4A40-A056-2916C36D82E4,2012-05-30 00:00:00.000
746,795,3,198623D4-F744-4D75-864B-E270D9558CE5,2012-06-30 00:00:00.000
748,735,3,DD0249A1-6A03-485D-AC9B-8C97B39B972B,2013-07-31 00:00:00.000
750,506,3,5EE87D8B-006D-4019-BBA3-0EE4BA055221,2011-07-01 00:00:00.000
752,948,3,9220D2C0-D30A-4A88-9150-CCF968D0EE3B,2011-08-01 00:00:00.000
754,1048,3,6A66126B-66E9-44D5-A065-F7A56318EAB4,2011-08-01 00:00:00.000
756,873,3,69DD11C8-ECE3-46F7-AD88-4501D4C45FD0,2013-06-30 00:00:00.000
758,730,3,49079404-1B8F-47E6-8ABD-C79D42E5DE3B,2013-07-31 00:00:00.000
760,785,3,E7A369CF-65BF-4726-AE8D-DD158061D34D,2011-07-01 00:00:00.000
762,865,3,D73C6FF6-27C7-414B-BBCB-C443F6C351FF,2012-05-30 00:00:00.000
764,1036,3,C2213F36-134B-4872-AEC0-2F5EC24F7BCA,2011-08-01 00:00:00.000
766,940,3,6F5D1908-1740-4202-AEF6-4A764237DC79,2012-06-30 00:00:00.000
768,494,3,608A0E4D-16EB-495E-ACDC-B2882FF708B6,2012-05-30 00:00:00.000
770,731,3,56BC3A3B-380F-4C31-8EB9-AAB2AC234D87,2013-05-30 00:00:00.000
772,787,3,14849DC4-38D0-4064-A5AE-9A540506E9DB,2013-05-30 00:00:00.000
774,867,3,0E4F9089-87EA-4EFB-B7D4-39D32324556E,2013-07-31 00:00:00.000
776,1039,3,AEB69976-7375-4C24-B433-952FE6985667,2012-07-31 00:00:00.000
778,942,3,8EA81C89-1675-4976-B35E-232616CE2224,2012-04-30 00:00:00.000
780,497,3,92E554A6-6ACC-41B1-9992-636E10ABFC5C,2011-07-01 00:00:00.000
782,456,3,FF640E5B-57F6-496B-98DA-EB21CB137F55,2012-06-30 00:00:00.000
784,408,3,1B7AC84B-43A7-4809-AB3C-8719E8938F4A,2013-07-31 00:00:00.000
786,762,3,4511C3DE-6AF2-4B62-BE6A-1647816818C2,2012-07-31 00:00:00.000
788,567,3,F3D6E431-8D52-4A2D-9917-B7702DB40079,2011-08-01 00:00:00.000
790,1001,3,69F1DA2A-2E86-4C99-973B-D2AD7836FB92,2011-07-01 00:00:00.000
792,917,3,94B4013C-A4A5-4B35-80F6-83FB134F1103,2012-05-30 00:00:00.000
794,459,3,A928FD77-9387-468B-AA0C-48F2C58E6949,2011-07-01 00:00:00.000
796,409,3,475C482D-5DF8-43D4-B237-1D16CA928EB7,2013-06-30 00:00:00.000
798,764,3,684EC284-2B7F-40D0-9E87-F8AB82FBC88D,2012-07-31 00:00:00.000
800,569,3,90252818-11C0-4C9A-A28C-2B18594C41F8,2011-08-01 00:00:00.000
802,906,3,E0E6F2B7-22B1-4C22-A127-E95CD2D1C2CF,2012-07-31 00:00:00.000
804,1017,3,2E3C3C77-3AA1-4F44-B994-C453705588B5,2011-08-01 00:00:00.000
806,472,3,45EA76B8-301A-486A-863A-C69A9E166360,2011-08-01 00:00:00.000
808,684,3,0A6D6DD0-AC19-4918-A474-8E7F43572852,2012-06-30 00:00:00.000
810,644,3,AD437E81-FC8C-48EC-BD9A-0358EB2BAF2C,2013-06-30 00:00:00.000
812,473,3,97164CFC-253E-4432-9E60-E197747E2286,2011-08-01 00:00:00.000
814,926,3,269DC63A-7B05-4B28-9226-3CD3D36ADB21,2011-08-01 00:00:00.000
816,1015,3,409C560A-726B-4CA0-B714-DE3D4F69C4C6,2011-07-01 00:00:00.000
818,851,3,9143049E-98F6-4D35-AD3E-60621F9AE3B0,2011-07-01 00:00:00.000
820,771,3,BF2849E4-19A9-4CD2-9CCB-E8AB2208A76B,2011-05-31 00:00:00.000
822,905,3,EF32D844-0DBB-40EC-9C1E-F2BD53BDBFC2,2012-09-30 00:00:00.000
824,1100,3,56859A58-3017-4F7D-A038-E5305480854A,2013-07-31 00:00:00.000
826,984,3,028307EF-30F0-410D-B00D-74E3B5A8B244,2011-08-01 00:00:00.000
828,555,3,75797172-08EA-4266-B784-813B999668C7,2011-08-01 00:00:00.000
830,753,3,29AEB8B8-9A67-40D9-B78D-EBDEBB380835,2013-06-30 00:00:00.000
832,829,3,F557DE1B-4AD6-4626-8433-77CC905054AD,2011-07-01 00:00:00.000
834,754,3,5EC03527-5CF4-4B1F-ADA1-45691C77A049,2013-06-30 00:00:00.000
836,830,3,3D3747CE-F49F-46E8-9449-708B7A86B21D,2012-10-30 00:00:00.000
838,907,3,E8465F39-2991-47FA-A0A7-F5A02AEB7AD7,2013-06-30 00:00:00.000
840,1103,3,5032D0C5-1DE7-4CDA-A996-1AEBAFE04A21,2011-10-01 00:00:00.000
842,986,3,6B372DEC-D300-4F67-8E91-2CB78DC400A9,2014-01-29 00:00:00.000
844,558,3,AD2B1030-CA3E-450A-BAB8-95755F585D84,2012-10-30 00:00:00.000
846,802,3,932BFB86-FEA3-413B-9608-0D448575346E,2011-07-01 00:00:00.000
848,607,3,5D353D79-AB12-4564-9E32-A5DE8839E13F,2012-06-30 00:00:00.000
850,1062,3,D76D2243-F3C1-46B4-B329-4781414438CC,2011-08-01 00:00:00.000
852,517,3,ABDAAE4A-7F6D-4192-A162-495646CDA3CB,2011-05-31 00:00:00.000
854,699,3,0133B5E9-A1E1-4E5D-9C83-469A79025B50,2013-07-31 00:00:00.000
856,659,3,DDEABA1E-F394-4009-AF19-C9D4087C40FB,2013-07-31 00:00:00.000
858,882,3,5E4D3150-8581-4E81-ADD8-2F5CF9687FEC,2013-05-30 00:00:00.000
860,610,3,6360A3D7-3B1B-415C-B743-0098C6B55227,2013-07-31 00:00:00.000
862,1065,3,96592FA0-46C5-4E3D-A7E7-E376C0D8E521,2012-07-31 00:00:00.000
864,520,3,B76A7FB2-C021-4DDF-85FE-92639A1F2BB2,2011-08-01 00:00:00.000
866,700,3,35DE7117-C6D5-4ED7-A0C0-191EA4280B0E,2012-12-31 00:00:00.000
868,660,3,14E7D304-258E-4265-AA7D-BE8E82830FDB,2013-07-31 00:00:00.000
870,884,3,7F519F4B-C3B4-4D2A-8DAA-ECDB706B5082,2011-07-01 00:00:00.000
872,612,3,77375C95-A17C-411F-B4E9-4937F6BC5F33,2012-07-31 00:00:00.000
874,1068,3,FE1D120B-985B-46E0-8ED4-41ECD0ADB376,2012-05-30 00:00:00.000
876,746,3,D6E8FD48-535C-41DB-86CE-A4E3F39870AE,2013-05-30 00:00:00.000
878,817,3,288EB48A-5780-4DD5-BC46-13D72D57D1EF,2011-08-01 00:00:00.000
880,895,3,ED778965-8FD3-407C-9267-440A6C9E5F3D,2011-05-31 00:00:00.000
882,1085,3,4C6F57D7-E418-4073-A8C3-2D1CA6913D8A,2011-08-01 00:00:00.000
884,974,3,93CBFA58-DE0F-442A-A0C9-A97472570234,2011-07-01 00:00:00.000
886,543,3,F1E75C2E-B9F5-459E-ACEC-719F396DE128,2012-07-31 00:00:00.000
888,747,3,877D09CC-94EA-448B-83C6-846F1A18A7CD,2013-05-30 00:00:00.000
890,819,3,772302E5-A4D6-401B-A811-16A68C567E05,2013-09-30 00:00:00.000
892,897,3,EBA170BF-74E0-4C19-BBF4-982F75D5988F,2012-06-30 00:00:00.000
894,432,3,BD9C8E4F-B7D6-440D-9753-2B6AA4EC8A45,2014-05-01 00:00:00.000
896,528,3,27DAAFD3-3D17-43E9-8038-60B4D4DDF188,2011-08-01 00:00:00.000
898,963,3,CCD39CBE-3B2C-4E70-B60E-52D606F1EA0E,2011-10-01 00:00:00.000
900,1070,3,D78221A5-548E-470E-B7DE-8D34BB2D0A27,2011-07-01 00:00:00.000
902,613,3,90B488AC-55AA-4010-A0C7-2A4B41AD206A,2012-07-31 00:00:00.000
904,808,3,A4E54CE1-C2E8-4191-84CD-93B1A2BD1708,2011-05-31 00:00:00.000
906,431,3,83B1AB59-A673-4DA3-A25D-C3FA69CE208F,2013-07-31 00:00:00.000
908,525,3,289F00E7-70C9-4F2E-9963-37CCED7EA231,2011-05-31 00:00:00.000
910,961,3,F83E365B-6340-479F-9484-C3891E96D3E5,2013-07-31 00:00:00.000
912,1067,3,FAB51B08-D380-4E58-97AD-B8763273597A,2012-07-31 00:00:00.000
914,611,3,8C24DD38-FEF1-41B8-BD2B-8B94984F468C,2011-07-01 00:00:00.000
916,806,3,3C5778FE-2189-4E99-84B5-385CA4CDFB27,2012-06-30 00:00:00.000
918,430,3,AB15FFD1-4263-45A8-A216-80DE59630993,2013-07-31 00:00:00.000
920,522,3,3DF9AFB4-CCE1-4E5B-87B4-01AC35D30607,2012-12-31 00:00:00.000
922,959,3,4D1225BE-EE1F-47DD-9BC1-3C82E58E1063,2013-08-30 00:00:00.000
924,1064,3,16161C9F-FDE0-43F5-9B89-E04C7DC7BF98,2011-12-01 00:00:00.000
926,609,3,E217DC84-A4C8-4758-802C-714782491796,2011-08-01 00:00:00.000
928,445,3,40E68361-485D-45F4-B18C-282D13F4552E,2012-07-31 00:00:00.000
930,990,3,33E5EB41-F032-42E1-AB6F-3386454B4543,2012-05-30 00:00:00.000
932,560,3,BF40660E-40B6-495B-99D0-753CE987B1D1,2012-05-30 00:00:00.000
932,11380,5,7C6297BE-EA24-433F-A038-50E082D341B8,2012-05-30 00:00:00.000
934,832,3,314F2574-1F75-457F-9BD1-74D1CE53DAA5,2011-07-01 00:00:00.000
936,564,3,61D28A67-48A3-4F21-A56B-478D15EE3593,2011-07-01 00:00:00.000
938,836,3,DFDB2561-A36F-4F3C-AE89-5A62DFC80AA2,2012-07-31 00:00:00.000
940,636,3,079741E4-908A-442C-B804-945DBACF3B1E,2013-05-30 00:00:00.000
942,676,3,1EDEBC45-C16C-48C1-8D0C-3467D2E98353,2013-06-30 00:00:00.000
944,650,3,8AD5E768-9078-44C2-A6EF-5C43D018B618,2012-05-30 00:00:00.000
946,690,3,1A6C94B2-B32A-42F0-B548-91387234B5E5,2013-06-30 00:00:00.000
948,490,3,21B47EC3-1D65-4C2D-9E8D-088852776795,2012-06-30 00:00:00.000
950,1035,3,7907B148-D4F2-48B7-8D9C-122B8C09CBB8,2012-07-31 00:00:00.000
952,590,3,96F0286B-48FF-45E9-8B3B-3ADE877E8896,2012-05-30 00:00:00.000
954,1075,3,23C7CBFA-D379-4D31-A50A-41390F428850,2012-05-30 00:00:00.000
956,532,3,864D1950-DD5D-41E9-A77D-193890EFAEA5,2011-10-31 00:00:00.000
958,1078,3,B9C0D4FE-B72E-4615-94B2-0BF1D4E69ADF,2012-06-30 00:00:00.000
960,533,3,951E0EEA-EF27-4723-99C4-969750131F07,2011-10-01 00:00:00.000
962,704,3,4C7A2010-E762-41A9-BE14-E9A3C3E5A64D,2012-06-30 00:00:00.000
964,869,3,7320DAD6-EABA-4BB3-8CF2-A555B25255E8,2011-07-01 00:00:00.000
966,1043,3,3A948195-AEB2-4415-B949-F5065C555791,2011-10-31 00:00:00.000
968,945,3,6D480176-98C1-40F9-8E7B-37CF576F929A,2013-05-30 00:00:00.000
970,501,3,D97A5607-00C5-40A9-A969-DAAF6E005D03,2011-07-01 00:00:00.000
972,423,3,F52A028A-4245-4BC5-972C-03E6B86486CD,2013-06-30 00:00:00.000
974,792,3,AE316590-03A7-4199-BFF5-10726FF22DF4,2011-07-01 00:00:00.000
976,597,3,A985DFAC-3208-4CF4-8CE2-3AF97DD1CCC0,2012-06-30 00:00:00.000
978,1011,3,6075EE51-F2EE-4E6D-97BB-6C0732A4C53F,2012-07-31 00:00:00.000
980,466,3,B3B568EC-526E-442F-B068-FBB0CBE36EB8,2011-07-01 00:00:00.000
982,682,3,E964A8F7-ECA2-4C50-B0A6-DB0A7304E45C,2012-05-30 00:00:00.000
984,642,3,5F9605D9-90C5-448B-9E38-13E53BD965F0,2013-07-31 00:00:00.000
986,455,3,0568C992-F82D-4177-B7E8-C36AF5E749DC,2012-06-30 00:00:00.000
988,914,3,0F0AA226-CCFF-428F-9F34-DD15A488919F,2012-06-30 00:00:00.000
990,997,3,7AEF4F41-EAFA-43F0-836A-674EE40AE72B,2013-07-31 00:00:00.000
992,839,3,C0E88505-0953-4314-96FC-F6F9EB581B99,2012-06-30 00:00:00.000
994,759,3,D9A4DF02-A424-4BD8-8D80-BF9764B0A2A6,2013-07-31 00:00:00.000
996,717,3,225DB1FA-43B5-49AF-BD1D-3A0728F31FCF,2013-08-30 00:00:00.000
998,452,3,3401998E-CCFC-4F78-8F4A-D0ECECF17645,2011-08-01 00:00:00.000
1000,912,3,F2CC7367-7130-4A07-81BE-CFD81CED3476,2013-07-31 00:00:00.000
1002,994,3,3596CEF3-C2AE-4CE6-95DB-5FFF68B4BA57,2012-05-30 00:00:00.000
1004,837,3,4CAA058D-61F5-4A49-9167-D1E57DCAC9CE,2013-07-31 00:00:00.000
1006,757,3,0A94A2F4-814C-41D0-A282-B242C33E8C57,2013-05-30 00:00:00.000
1008,716,3,BDFC3B17-DEB1-41C3-88E6-68877DA2F98C,2013-06-30 00:00:00.000
1010,449,3,3AB25485-C5FD-4132-AA0B-2A9B2915068C,2011-07-01 00:00:00.000
1012,910,3,680BCF2E-A102-46DB-A38C-920FDE5FE2B2,2011-10-31 00:00:00.000
1014,991,3,25929CE2-3342-40C7-A963-24D097EA30F3,2012-07-31 00:00:00.000
1016,835,3,60B2442D-5A2A-408C-8F1D-B38BE02B91C9,2011-08-01 00:00:00.000
1018,755,3,4FBF04BA-A7B1-41BF-B5F7-09DCBC265244,2011-05-31 00:00:00.000
1020,715,3,8AD02A7C-2E91-4D21-A0A3-849C8468C1EC,2013-07-31 00:00:00.000
1022,446,3,26B1EBC5-570F-4D4B-BAF2-C8C855B94151,2011-07-01 00:00:00.000
1024,908,3,F74BACDC-44A5-4BDF-B17D-5960DC2523E3,2013-06-30 00:00:00.000
1026,988,3,E968E6AC-47AE-4C04-8207-443B842DE930,2012-07-31 00:00:00.000
1028,297,5,C33E7580-8404-43F7-A783-21B927020B98,2012-06-30 00:00:00.000
1028,833,3,B4435C21-4D7F-40E5-ABEA-4966428597D5,2012-06-30 00:00:00.000
1030,987,3,BEC01A38-EECC-4C55-9EA3-E106011FA7B7,2013-06-30 00:00:00.000
1032,1104,3,A3718FB8-73ED-4A1B-B686-1FC240700210,2011-07-01 00:00:00.000
1034,633,3,C4BBE507-B9CA-4F90-9D47-A8C30AD62ADF,2012-06-30 00:00:00.000
1036,831,3,C07034C6-38D8-448C-9219-83185E9483C7,2013-05-30 00:00:00.000
1038,444,3,73D9C32D-09F1-4A51-8C4D-6703F8966438,2013-07-31 00:00:00.000
1040,557,3,E7C2F784-D012-4180-86D8-AD49F3A4C402,2012-07-31 00:00:00.000
1042,443,3,56351271-D176-4E3F-8D31-E44B5787D3D7,2013-07-31 00:00:00.000
1044,556,3,35BCA4AD-180B-46E9-9578-0C9FC3202E13,2011-05-31 00:00:00.000
1046,985,3,4467CFF5-3018-42AC-A613-AAD19BCE7908,2011-05-31 00:00:00.000
1048,1101,3,D4D410DE-2FB4-4080-AE2A-C459D0568542,2012-08-30 00:00:00.000
1050,631,3,A9B3CBA7-2F99-4914-A083-F5E6BADAD4F1,2011-05-31 00:00:00.000
1052,828,3,601C5C63-CDFE-411E-AFCB-DBC7F09807D8,2012-06-30 00:00:00.000
1054,442,3,B04B068B-D562-4F94-82A3-2B10ECA3EF59,2013-05-30 00:00:00.000
1056,553,3,651786DB-EB03-48A7-9B3E-86AD341627FC,2011-07-01 00:00:00.000
1058,441,3,5622530F-8BD1-4AEF-8F20-EE5A6BF738FB,2013-06-30 00:00:00.000
1060,552,3,A72E515F-DF6A-4A7C-93FD-414BD925335B,2014-05-01 00:00:00.000
1062,551,3,17D1E4C8-B4BD-40F6-B1DB-8D1F0990BCAB,2012-07-31 00:00:00.000
1064,982,3,A907CAA1-74C5-4BBF-85EF-E7740E34A83D,2012-07-31 00:00:00.000
1066,1097,3,6EB20C23-F905-44C5-8E69-FD1BAA8F2765,2011-08-01 00:00:00.000
1068,903,3,E26C8C28-A7C3-4EE4-A844-B1430B97AEF7,2012-06-30 00:00:00.000
1070,824,3,899E5566-BEC3-472C-9160-2C5E3A00AED8,2012-06-30 00:00:00.000
1072,750,3,1EB772D7-D60C-4B13-8556-E5D32A1724E6,2013-05-30 00:00:00.000
1074,823,3,6E645EC9-B058-44D8-9883-95DCB9A076D7,2012-07-31 00:00:00.000
1076,749,3,78425DB3-0E4D-432A-997E-9CA342C521C1,2013-07-31 00:00:00.000
1078,547,3,9E2595F6-492A-4683-B6FC-1A52FC4C37B2,2013-07-31 00:00:00.000
1080,980,3,9FA008C6-5D60-41C0-B009-39D81B86595D,2013-07-31 00:00:00.000
1082,1094,3,018C1503-5A74-462C-BD52-697938FD82D1,2011-08-01 00:00:00.000
1084,901,3,8FF46C88-3A42-4F4D-AEB6-BE149A35E650,2013-07-31 00:00:00.000
1086,821,3,DC7E03C1-982B-43FF-9011-6700CA100CB0,2011-05-31 00:00:00.000
1088,748,3,08201B41-C1D6-4388-8868-91DC49917682,2013-06-30 00:00:00.000
1090,979,3,F09CABEE-3378-422D-A66F-06D621AB0159,2011-07-01 00:00:00.000
1092,1092,3,54E22612-0521-4EA6-B7B0-29D081E054C4,2012-07-31 00:00:00.000
1094,625,3,33847FBF-D078-4A88-B331-4AEB4F8CE9D5,2013-06-30 00:00:00.000
1096,977,3,1BC59BBD-A0F0-4C2F-8D43-EC5898D115DA,2011-05-31 00:00:00.000
1098,1089,3,202CAC27-19E2-4574-960B-CA2E6C37180E,2013-05-30 00:00:00.000
1100,623,3,0BEEBF7F-DA33-4EAD-981B-814C71908B47,2013-05-30 00:00:00.000
1102,657,3,50BD7F7E-8937-4B35-8391-A217EB60ABAF,2012-06-30 00:00:00.000
1104,697,3,1B8AFC6D-D00D-42A4-8B3E-B25349F6382B,2013-07-31 00:00:00.000
1106,511,3,C2005FF8-9E71-4D36-BE82-5F920137A4AF,2012-10-30 00:00:00.000
1108,1056,3,FE9C02C8-7FF9-4A9D-881D-66E388707B8F,2011-07-01 00:00:00.000
1110,604,3,9D47F717-FB49-4B2F-B536-5E86483CAA37,2013-07-31 00:00:00.000
1112,539,3,D4701110-F7E5-4F41-9E56-E983C5A18AB5,2011-07-01 00:00:00.000
1114,706,3,A0137CF5-D58F-470C-BDEC-D79788541B2C,2012-07-31 00:00:00.000
1116,666,3,7BD7135D-791D-420D-8738-F9CF72CF3FDD,2012-06-30 00:00:00.000
1118,894,3,F49E2C74-9BB9-462E-BCAA-67370F4D74A9,2011-12-01 00:00:00.000
1120,622,3,F1F94995-B143-46E1-8BE1-E4BA680B7C3B,2012-01-29 00:00:00.000
1122,668,3,CC407427-8A5C-4543-89FC-07FBCF32E609,2013-06-30 00:00:00.000
1124,900,3,7FAE467E-8855-4807-9E94-644D094D6EF1,2011-05-31 00:00:00.000
1126,628,3,08198768-5A31-4605-8043-D2495AB40697,2011-07-01 00:00:00.000
1126,11382,5,19FCC0C7-CE20-4648-BD54-FF8A77ADCF3D,2011-07-01 00:00:00.000
1128,1096,3,2919880B-8B32-4FC8-B7D2-D44FC2D86BCB,2012-08-30 00:00:00.000
1130,546,3,EBD9AD4D-8193-43BA-8FA5-E2C0A0CBB11F,2013-06-30 00:00:00.000
1132,487,3,DEF4D1E6-BE40-43B9-B6BF-0BA395F7D377,2012-07-31 00:00:00.000
1134,1032,3,70CBA3F6-5540-40C8-A3BB-F3B068B724B9,2011-07-01 00:00:00.000
1136,588,3,97359B3A-CBBD-4D77-8EF1-C00A9235DCD8,2011-07-01 00:00:00.000
1138,860,3,27CE6686-06CE-4B0F-AEA6-35CCC189492D,2012-05-30 00:00:00.000
1140,648,3,F3398939-A9AD-4B7D-BA7E-14624F7D43BA,2013-06-30 00:00:00.000
1142,688,3,286BA2FB-0109-46D9-B9AC-E7B63241F204,2012-06-30 00:00:00.000
1144,484,3,5CC7359E-2CB1-46F9-97A2-5D94A6C9F90E,2014-05-01 00:00:00.000
1146,1029,3,B599562F-4CF6-4C71-8C02-79E80522D00F,2013-05-30 00:00:00.000
1148,586,3,816C491A-703B-4F12-AA02-FD8B863ECD70,2011-08-01 00:00:00.000
1150,858,3,386E13F8-728A-4C9F-8CE7-38AFC5BD605B,2012-07-31 00:00:00.000
1152,647,3,8B604C39-A03E-4914-A755-6011E2836BCA,2013-05-30 00:00:00.000
1154,687,3,035107EE-E923-4EF3-B38A-4F81413C2834,2012-05-30 00:00:00.000
1156,481,3,75756445-0F83-423C-B065-CC359F478DA1,2012-06-30 00:00:00.000
1158,1026,3,961322F7-4900-4419-9267-C58A1F7E7AE5,2013-07-31 00:00:00.000
1160,738,3,60A934D8-6AA3-499C-A48B-6530AF9247C0,2013-07-31 00:00:00.000
1162,515,3,EED9551E-F6C8-418D-B945-942A64A884C8,2012-05-30 00:00:00.000
1164,954,3,A9F80340-4A53-4487-A0BA-083C4FBA6E10,2011-07-01 00:00:00.000
1166,483,3,E84A3989-EE42-4752-A6F0-DED83AFBF901,2013-07-31 00:00:00.000
1168,933,3,4864D3A3-B4B6-4C57-BDE2-2381A35EEA28,2012-07-31 00:00:00.000
1170,1025,3,691F68E5-A080-4199-A039-207C1993BD7D,2011-08-01 00:00:00.000
1170,11381,5,C48C839A-4B7F-4927-9704-589178587F6C,2011-08-01 00:00:00.000
1172,583,3,5D4845C6-5905-4712-908B-5084FCC3B04F,2013-01-28 00:00:00.000
1174,857,3,D9B79631-E1F5-4584-BAC5-A4C71EA74448,2011-07-01 00:00:00.000
1176,777,3,64CD9E43-6078-4A54-970D-C7B42EA08C0C,2011-08-31 00:00:00.000
1178,726,3,1DA930D6-8C88-4390-A1C4-99018C329D02,2013-07-31 00:00:00.000
1180,479,3,36E557E7-CF11-46EE-BAAF-BCF1AA3BDC4E,2011-07-01 00:00:00.000
1182,930,3,27A61377-66A3-4CED-BFBC-D2F028018849,2011-07-01 00:00:00.000
1184,1021,3,5A372EB5-2A48-43D3-ADE1-A67DEDEA0E20,2011-05-31 00:00:00.000
1186,855,3,176EF850-4BF4-45CC-B534-0CCA49223CAE,2011-05-31 00:00:00.000
1188,775,3,1779F0AA-E430-4DE5-AD94-59DE109DF1EF,2012-07-31 00:00:00.000
1190,725,3,F6F3782A-9F2C-4762-BDF8-8E9CF6D024B5,2013-06-30 00:00:00.000
1192,476,3,FE8846FB-9827-4DCD-BEE5-113A861CB13B,2011-07-01 00:00:00.000
1194,928,3,A30BF3C2-721E-4F14-B6EC-BABAE2E190D0,2011-08-01 00:00:00.000
1196,1018,3,2AD834EC-582D-4666-85C2-E2D6D168A223,2013-05-30 00:00:00.000
1198,741,3,90117EE4-19E5-474A-84D2-E0B29C70262C,2013-05-30 00:00:00.000
1200,524,3,882C6728-41E4-4BA5-9B26-F1341A0BFB11,2012-06-30 00:00:00.000
1202,960,3,6BF2100F-FE17-4738-8984-A54F1133C75A,2012-06-30 00:00:00.000
1204,28,5,32AC1E35-A59F-4776-BA25-E64429512B5D,2011-08-01 00:00:00.000
1204,1066,3,B9019606-2EBC-43C6-8F58-905EAF700FC2,2011-08-01 00:00:00.000
1206,876,3,C917A47C-301F-49C1-9F02-BC11A1C94F1C,2011-05-31 00:00:00.000
1208,656,3,195273C0-789C-4A23-949E-ED0EA8ED3FE3,2013-06-30 00:00:00.000
1210,696,3,0CC50B71-15A5-4911-A8A0-517A17F942CE,2013-06-30 00:00:00.000
1212,508,3,5246C0B3-83D6-435C-AABA-1787D1633F84,2012-10-30 00:00:00.000
1214,1053,3,2C3DAFEB-06C9-4159-914E-4E16E413F843,2011-07-01 00:00:00.000
1216,602,3,9E61ECC8-7365-45A0-A1EA-3A0464EE97BD,2012-07-31 00:00:00.000
1218,874,3,23821FDC-FD22-480B-BDCE-3C65C33387BD,2012-07-31 00:00:00.000
1220,655,3,952287EC-6669-4220-9117-A95FDF46D8B1,2012-06-30 00:00:00.000
1222,695,3,95797ACA-210B-4F1E-98B9-E1E293536977,2013-07-31 00:00:00.000
1224,505,3,0420D0D7-9E3E-4C30-B67C-C7E9DD0273A6,2011-07-01 00:00:00.000
1226,1050,3,2000FE1E-494E-46BA-9A00-B53DC6F919C4,2011-08-01 00:00:00.000
1228,600,3,1F3CD6C4-AF8E-4A58-9E49-8282B544CF3D,2011-07-01 00:00:00.000
1230,872,3,1F91C474-7799-4E5A-AD5C-7D094041867C,2013-06-30 00:00:00.000
1232,654,3,30BD6EB8-34BE-4C9B-ADE6-EA2D67F3D699,2013-06-30 00:00:00.000
1234,694,3,58E39534-A365-434C-A791-C50F6DC67DD2,2012-05-30 00:00:00.000
1236,502,3,696D6949-58F5-4DE1-9989-D41CE31B9D8F,2012-06-30 00:00:00.000
1238,538,3,B7CDC62A-5672-4327-9B71-2BA730134D98,2013-06-30 00:00:00.000
1240,971,3,F9C6E150-61A9-476A-B824-4E23E3A6E144,2011-05-31 00:00:00.000
1242,1080,3,DA56E398-0DD4-4158-B70F-8E4A117DD231,2012-06-30 00:00:00.000
1244,1079,3,822ED3F8-69BD-46EE-A9CD-29C11F80CDB8,2011-08-01 00:00:00.000
1246,891,3,EC1A1489-7026-4D97-9B83-5763A5927CD9,2011-10-31 00:00:00.000
1248,813,3,A66EAFEF-F920-4801-8730-50AD672A21CA,2013-07-31 00:00:00.000
1250,744,3,CDD7899D-59D8-4A79-8A8A-4BCEBC1E0C46,2013-07-31 00:00:00.000
1252,460,3,375117B5-406C-48CE-BE16-B702BBE4BB0D,2013-06-30 00:00:00.000
1254,1005,3,4A1C9DAF-8F54-45EC-BB7F-D2A61C9362F6,2012-06-30 00:00:00.000
1256,570,3,2CCD3B05-5E70-4FB5-81C2-28D557F16D90,2012-05-30 00:00:00.000
1258,842,3,2B812294-50AC-4525-92F2-6D29760A0A63,2011-08-01 00:00:00.000
1260,639,3,65998649-05E8-49A5-97D5-53F0445A628F,2013-07-31 00:00:00.000
1262,679,3,132CAB60-231E-41C9-B734-6D0E538A49CB,2013-06-30 00:00:00.000
1264,457,3,D060192E-6182-4FFA-91E7-C11BF853394C,2012-05-30 00:00:00.000
1266,1002,3,C454F63D-EF99-44AD-BE3E-12FC3272B0BA,2012-06-30 00:00:00.000
1268,568,3,5C7EE59F-3A06-438E-AC40-516921AC97D4,2011-08-01 00:00:00.000
1270,840,3,85F9BE4D-F847-4249-B676-4A998D885266,2011-07-01 00:00:00.000
1272,638,3,ACDA2178-9538-46D6-B023-01EB79BF7872,2013-06-30 00:00:00.000
1274,678,3,9501EF29-7275-4F3E-8613-E74309B89921,2012-07-31 00:00:00.000
1276,454,3,E7F64144-8FAC-4392-84D9-22FAF9A73DE1,2013-06-30 00:00:00.000
1278,999,3,46E7F8B7-BF76-4C86-A629-01E39BAFA4D7,2012-07-31 00:00:00.000
1280,566,3,49CE33D2-F079-4EAB-B2AD-4FCA0469C098,2011-10-01 00:00:00.000
1282,838,3,0238DDCB-752B-45B0-9B07-6A784789FF21,2013-07-31 00:00:00.000
1284,637,3,16E0667F-AA85-4155-AB36-1703FC9E07F0,2013-07-31 00:00:00.000
1286,677,3,EE89B4EC-6292-4D27-BD6E-531DDF0B39B2,2013-07-31 00:00:00.000
1288,451,3,BF9679DA-39E6-4E84-8476-4DA4A30C330F,2012-10-30 00:00:00.000
1290,996,3,B9C06EA5-F335-427A-A99A-B54A33481BA0,2012-06-30 00:00:00.000
1292,852,3,57E10DF3-D294-4266-85FB-8605830DDA3D,2013-06-30 00:00:00.000
1294,580,3,9C95615B-D86B-4300-941A-572A69EF1C4A,2012-05-30 00:00:00.000
1296,1020,3,CADA439D-E85A-4EF6-94AD-65923961240B,2011-08-01 00:00:00.000
1298,475,3,EC8852E5-975C-4058-BC0A-AC65C1B48FFD,2013-07-31 00:00:00.000
1300,685,3,D90EDEDA-54DF-4CDC-99D9-F2031EEBDAF1,2013-06-30 00:00:00.000
1302,645,3,4B94AA98-7647-44D4-A886-E706875A6844,2013-05-30 00:00:00.000
1304,854,3,A82C76B8-4C10-406C-81A8-66BE5AAE5788,2013-06-30 00:00:00.000
1306,582,3,E56D2AE3-8346-4E47-86AA-76C6B39319BA,2013-07-31 00:00:00.000
1308,1004,3,F66A7BE6-29A8-4309-A143-B1FA1540A225,2011-08-01 00:00:00.000
1310,919,3,7031C1BB-AB14-4E9C-938D-B370B2E7F1D0,2011-07-01 00:00:00.000
1312,462,3,31527987-C089-4CB9-999B-F0ADFC5AFFC6,2011-07-01 00:00:00.000
1314,410,3,92E386DC-4324-4D09-B2CC-C7A760A5F0E9,2013-07-31 00:00:00.000
1316,766,3,A14D9419-901B-459D-865A-ADFCB2355495,2012-06-30 00:00:00.000
1318,572,3,7EABCE07-686E-4011-9521-AABE83733395,2013-07-31 00:00:00.000
1320,1008,3,E91D6996-49DA-4DAE-BCFA-4B02B37CFF56,2012-06-30 00:00:00.000
1322,463,3,A94B6C2E-A3AD-44B4-9085-DCBA6A9DA311,2011-08-01 00:00:00.000
1324,681,3,A2CE823B-84D9-484E-B451-092B5C99FBD0,2012-07-31 00:00:00.000
1326,641,3,8AA47F7E-C090-4726-94AC-7CD310AE8433,2012-06-30 00:00:00.000
1328,846,3,58B5243A-A590-4BF7-BB3D-322D50079B7E,2012-06-30 00:00:00.000
1330,25,5,85666565-49E8-427A-8A2A-C7960C7E665A,2012-07-31 00:00:00.000
1330,574,3,337AEBB8-BAB7-4C4D-A1E9-F88D8B637294,2012-07-31 00:00:00.000
1332,756,3,1527EAC1-49FF-4F1C-A2BE-69D42C6CC09A,2011-07-01 00:00:00.000
1334,561,3,00390F39-AD50-4852-94C9-8CC153FCB635,2012-07-31 00:00:00.000
1336,992,3,228E647E-24F6-427B-B40D-A1B7A0D88DB5,2012-07-31 00:00:00.000
1338,911,3,2BD61A18-7AA5-44FB-89C9-AC43468B4853,2011-05-31 00:00:00.000
1340,450,3,8403E33B-A0AB-4D9C-A223-DCF3F74E2B8F,2012-07-31 00:00:00.000
1342,406,3,8AE7F35D-0BE3-4AAD-AFFF-8CB22EFF3EFA,2013-07-31 00:00:00.000
1344,758,3,40945558-E5DB-4D60-8D32-3C57A4078B8C,2011-07-01 00:00:00.000
1346,563,3,56BBBD3F-4809-4BEA-883C-24D712763E34,2012-07-31 00:00:00.000
1348,995,3,4191EA31-E309-4359-A458-ACE21F220B8F,2012-05-30 00:00:00.000
1350,913,3,36844C81-67DB-475A-A920-A913E644AAB4,2011-07-01 00:00:00.000
1352,453,3,19C598D1-750E-4350-AE29-97A55AB7BF04,2013-07-31 00:00:00.000
1354,407,3,11DF0697-CCEF-42B9-934C-13775B2D5A2E,2013-07-31 00:00:00.000
1356,760,3,3E5498B3-E2F0-417C-B227-5A907F8F8571,2011-08-01 00:00:00.000
1358,565,3,3DA21168-1DA5-4FF2-8716-55EFC98633B6,2011-08-01 00:00:00.000
1360,998,3,01068C5B-17BF-42B9-A871-D34A3E0F0853,2013-07-31 00:00:00.000
1362,915,3,1E80FE88-F4B9-4ECE-96BA-34F52D07D349,2011-07-01 00:00:00.000
1364,548,3,754E5EA8-F1C4-41E6-831C-CF56DF1375A7,2011-08-01 00:00:00.000
1366,439,3,B0D42876-4870-4FE5-8D0B-04B68E15B96B,2013-05-30 00:00:00.000
1368,549,3,752E7532-C545-4F14-A0FE-941409090492,2012-07-31 00:00:00.000
1370,440,3,A83A14F6-43B2-4681-A6E3-880ED7C49978,2013-07-31 00:00:00.000
1372,825,3,21B6C40A-DAEF-43E2-8467-3DC824A1A577,2011-08-31 00:00:00.000
1374,629,3,A656CB14-F54F-4DC9-954D-0A91A3226A06,2011-05-31 00:00:00.000
1376,1098,3,EC307993-124C-476F-94E6-E358512890C5,2012-07-31 00:00:00.000
1378,983,3,7A8D6B17-490F-4AFD-9295-92E779256F40,2012-07-31 00:00:00.000
1380,711,3,D3253F38-E4B3-430B-9FB6-4F4363979A09,2013-06-30 00:00:00.000
1382,671,3,B392D956-6455-40C6-9B4F-36173CDF49D2,2013-12-31 00:00:00.000
1384,712,3,E0F7351D-3438-4B21-B697-4D6FC09FE232,2013-06-30 00:00:00.000
1386,672,3,9AF6B4D5-AA4C-4E8F-A709-F4567C850966,2012-07-31 00:00:00.000
1388,904,3,B798D879-BF0F-46E1-B7FC-1C1A8DF518D5,2012-05-30 00:00:00.000
1390,632,3,64941439-81C8-44F5-9762-F27D4CE4AEFF,2011-05-31 00:00:00.000
1392,1102,3,95FD4C03-F298-40A1-A4D2-2B02E221D876,2011-10-31 00:00:00.000
1394,554,3,DB69C4E3-6912-4AC2-87EC-76FC58CB7C2D,2012-06-30 00:00:00.000
1396,713,3,4E9E92B9-038B-4A68-82FF-40DF0F2CF34E,2013-06-30 00:00:00.000
1398,673,3,A9DE79D2-BA98-4DF1-89D2-807B7DCCA039,2012-06-30 00:00:00.000
1400,714,3,0D934526-AE06-4086-8CDB-F3114AC0FE53,2012-06-30 00:00:00.000
1402,674,3,02994480-B758-45CA-AB9B-570869B09B0A,2013-07-31 00:00:00.000
1404,1023,3,88D1889D-E045-40CC-A9CE-51C8614947E5,2013-05-30 00:00:00.000
1406,478,3,74DBDB0B-0110-44FA-941C-98BCD90C7D86,2011-07-01 00:00:00.000
1408,686,3,10B532D8-DA57-4306-8BC3-7FDAF9F19A0C,2012-09-30 00:00:00.000
1410,646,3,245A36B0-5ABB-41C1-83B6-E993E4ECA1A4,2012-06-30 00:00:00.000
1412,856,3,C1740C61-C680-466F-B8D1-51CF235BC6E9,2012-09-30 00:00:00.000
1414,1024,3,06B02E3B-F6C6-4BAD-BECB-7B9FD91B7F64,2011-05-31 00:00:00.000
1416,932,3,213DDD9E-B12D-431D-8DD3-CA9E7FF8441D,2012-06-30 00:00:00.000
1418,482,3,50BAA902-3D53-42D2-A154-F4C007975943,2011-05-31 00:00:00.000
1420,727,3,B5D54D99-A4F9-4D8F-85F0-ECD8C994BAA4,2013-06-30 00:00:00.000
1422,779,3,19111F85-581A-49DF-A5D4-E906FC965454,2012-06-30 00:00:00.000
1424,859,3,D50EE4B4-F614-48BD-B4CB-0B57BC374F06,2012-06-30 00:00:00.000
1426,1027,3,837DFFA6-8E7D-4D63-871D-6E11EE484190,2012-07-31 00:00:00.000
1428,934,3,58FB77DE-9194-476F-B439-CBD700CF6741,2012-05-30 00:00:00.000
1430,485,3,FF4550C5-F25D-4135-9EF5-E110F3FB5D91,2012-05-30 00:00:00.000
1432,728,3,61F9529F-13AB-48C6-8B93-2FFD02DF1D80,2013-08-30 00:00:00.000
1434,781,3,3887EDA9-44DA-405F-BACA-16B854BEFEC3,2013-06-30 00:00:00.000
1436,620,3,D2500013-41B3-40CE-9135-8EA6C762D1BB,2011-08-01 00:00:00.000
1438,892,3,49819453-A096-4E1E-AB21-1BDF3A25E812,2011-07-01 00:00:00.000
1440,665,3,B664CFC7-00C5-4076-A57A-7F9E7D8D17D0,2013-06-30 00:00:00.000
1442,705,3,AB2F2695-89C2-4390-95A9-C4811B0650CA,2013-07-31 00:00:00.000
1444,536,3,766EACD4-C44B-4754-8754-984F6F416164,2012-07-31 00:00:00.000
1446,1081,3,BFA55D0B-1737-40AF-8CD9-A57C06690F6D,2012-06-30 00:00:00.000
1448,617,3,33AA20BE-4DB5-42E4-83C6-64F377BE8E6C,2013-04-30 00:00:00.000
1450,814,3,6665F005-E584-4ABB-BA50-4169DBD10099,2012-06-30 00:00:00.000
1452,434,3,CE3400BF-259B-4511-A5FD-FEEE1F3DFBDB,2013-07-31 00:00:00.000
1454,535,3,01A80AAE-7BE3-4ABD-9615-FE7A45280BB9,2011-10-01 00:00:00.000
1456,969,3,B9200CEB-F378-4A00-9B45-49F17F701DFE,2011-10-01 00:00:00.000
1458,1077,3,EE0DA3B5-0E51-468B-BFAA-CCE39C25F910,2011-10-01 00:00:00.000
1460,967,3,3DB97E78-7809-4F42-B1DC-0DAEBB285863,2011-10-31 00:00:00.000
1462,812,3,295DD228-31A1-4BD2-8C1B-AE13790CD28B,2013-06-30 00:00:00.000
1464,433,3,3C296F32-0AAB-4852-8C74-263A0FF270ED,2013-06-30 00:00:00.000
1466,531,3,7D90C75B-9B26-4D75-9D57-364326B6E75E,2012-09-30 00:00:00.000
1468,965,3,3C77E525-C8A4-4FB3-B728-A78CF1B95771,2012-06-30 00:00:00.000
1470,9,5,432BBEE2-8A6B-45E3-8915-9350F0434E3F,2012-05-30 00:00:00.000
1470,868,3,3478227B-F0DF-4C62-AE6E-3436CBEE3CFD,2012-05-30 00:00:00.000
1472,652,3,4D79EB56-5F62-4C2F-90F2-F2F11D7E4F63,2012-07-31 00:00:00.000
1474,692,3,A4592018-1035-4BFA-B20E-8327A257CD2F,2013-07-31 00:00:00.000
1476,496,3,9C254D20-1324-4359-BD3A-DF341483D700,2013-06-30 00:00:00.000
1478,1041,3,D905CFC1-25CC-4F55-8BC0-0978A62E012D,2011-10-01 00:00:00.000
1480,594,3,475B3850-2CD4-48A3-AF69-355FD0158A35,2012-06-30 00:00:00.000
1482,866,3,56C83E74-D730-44DC-92DE-FA90D4EABD52,2013-06-30 00:00:00.000
1484,651,3,16201C53-5310-44EA-8AF3-52C501233509,2013-07-31 00:00:00.000
1486,691,3,5F292218-C774-4231-93EE-A7092691705A,2012-06-30 00:00:00.000
1488,493,3,D22B3234-B992-4B6A-A566-981561B7A413,2013-07-31 00:00:00.000
1490,1038,3,5DC4DDD8-BE9A-4BD2-9F35-9F81743296E8,2013-07-31 00:00:00.000
1492,309,3,995576CD-C7E8-431D-9E10-F7E30C10CBC4,2011-12-23 00:00:00.000
1494,303,3,82AD8856-C05C-4CF3-8CFD-C8E6BFCDA6EC,2011-04-25 00:00:00.000
1496,302,3,4E85D6CE-99C8-466F-BFE4-ED13F4F1F34E,2011-04-25 00:00:00.000
1498,397,3,A968B331-E1CF-4EDD-92EF-D1137A8BD014,2012-02-03 00:00:00.000
1500,376,3,8A15A6C4-1DAF-4536-A953-9B61FD8520B3,2012-02-02 00:00:00.000
1502,332,3,3F90AEAD-70B9-4F02-A73A-5DF610E5EE8D,2011-12-24 00:00:00.000
1504,321,3,136A1BA0-964C-44F7-9F5B-D16CB56A8020,2011-12-24 00:00:00.000
1506,345,3,1E945416-BA8C-4545-B08D-8AA11F977F22,2012-01-25 00:00:00.000
1508,324,3,69B07F76-9004-4808-92AC-78221B67C8F5,2011-12-24 00:00:00.000
1510,357,3,390936D4-E67D-43F0-AEF4-5FE1BBC57BC9,2012-01-25 00:00:00.000
1512,368,3,94FAAE14-E3E6-46E1-8436-7B1B581463D2,2011-12-23 00:00:00.000
1514,396,3,26EDE4E3-3CED-4C9E-908E-3BCAF8C4DD4D,2012-02-03 00:00:00.000
1516,342,3,9EF4503C-8507-42A3-A948-5E9AA7F80026,2012-01-25 00:00:00.000
1518,360,3,51418894-71CA-452A-9BD5-7F3F83B31433,2011-12-24 00:00:00.000
1520,341,3,3FDFA740-3E88-41D0-93D9-53C1D869B09A,2011-12-24 00:00:00.000
1522,338,3,3EA66703-6CA4-403B-B6B0-6B9E55A64817,2012-01-25 00:00:00.000
1524,385,3,432040F2-2AF9-48F1-BA97-020FE82D383D,2012-02-02 00:00:00.000
1526,358,3,D6EC746A-6FBD-44BE-991A-9F5859E8CD7C,2012-01-25 00:00:00.000
1528,352,3,B30E0C06-FCCC-48EC-80DF-F9AC8FA487CB,2012-02-03 00:00:00.000
1530,323,3,9594D200-51AF-4C0D-81A2-BE6E0EAC1E67,2011-12-24 00:00:00.000
1532,364,3,E8C6CA1A-CE77-4EFC-899D-7A6369E33FDB,2012-01-29 00:00:00.000
1534,384,3,08ACCEF2-4F86-4CB7-87CC-785B891556C0,2012-02-02 00:00:00.000
1536,330,3,BAB5D782-AF20-49EE-8803-5F8B89366482,2012-01-17 00:00:00.000
1538,401,3,87097086-1E66-4AAA-BD52-79496104664C,2012-02-18 00:00:00.000
1540,311,3,19E92DDC-3BBD-4E19-A251-2B5099CF614A,2011-12-23 00:00:00.000
1542,348,3,BD7BD2BE-3774-43D2-8D5E-ED0ACDE81319,2012-01-25 00:00:00.000
1544,322,3,DEE4FEC9-6BDC-4DAA-898F-10D3716E4B60,2011-12-24 00:00:00.000
1546,344,3,1B4DED0F-27F4-4F83-AB50-3376C69B0D02,2012-01-29 00:00:00.000
1548,327,3,F26A2913-15C0-46C0-A5F6-49A4E935DD04,2011-12-24 00:00:00.000
1550,372,3,0C79AA23-9A96-4442-B485-8718AA7F046E,2012-02-03 00:00:00.000
1552,391,3,F899C988-094E-42E9-BF48-B1BD70C89D13,2012-01-25 00:00:00.000
1554,403,3,C42A0DEF-9BAF-4C77-975E-ADE97A02367D,2012-02-18 00:00:00.000
1556,402,3,66CB9AD1-9029-4452-90D1-B9B6FD6D7760,2012-02-18 00:00:00.000
1558,371,3,1932A765-940C-435A-9D58-9AA1224DC699,2012-02-03 00:00:00.000
1560,317,3,8AEC31E1-9566-426D-9315-CF8CC3F49D3E,2011-12-24 00:00:00.000
1562,379,3,AD803800-6C1F-47B9-8564-C9816FF3DDB8,2012-02-02 00:00:00.000
1564,351,3,9581A504-E913-4C86-9F8B-D4BA699405B8,2011-12-23 00:00:00.000
1566,315,3,F5716B70-72CC-4947-A020-079AEEF802FD,2011-12-23 00:00:00.000
1568,331,3,BD91A70A-D1BF-4C08-B9CD-A265BB93F964,2012-01-17 00:00:00.000
1570,339,3,46B2D4DA-195A-4556-870A-54FF6276680C,2012-01-25 00:00:00.000
1572,378,3,0D4AAEEB-AB74-4713-AF51-4446576777FF,2012-02-02 00:00:00.000
1574,362,3,02884685-1CF2-4307-BB59-F74E455E6E6A,2011-12-24 00:00:00.000
1576,392,3,84D1DC71-604F-41A7-BA40-006C704DE067,2012-02-03 00:00:00.000
1578,400,3,0C86A7C8-9494-4C7D-ABFF-8DF35BE0B7C9,2012-02-18 00:00:00.000
1580,301,3,FC4467F2-2C5E-4606-8106-3EB38DD3C524,2011-04-25 00:00:00.000
1582,355,3,FD6BAB2F-F66E-48BF-BE79-12EB9252D255,2012-01-25 00:00:00.000
1584,363,3,E8172EA5-00F2-4BD3-990F-DDD33C366A22,2012-01-25 00:00:00.000
1586,375,3,75316E03-1338-4E40-95F5-65C54F190C04,2012-02-02 00:00:00.000
1588,387,3,C2733955-3E16-4FD6-B026-BB14EC18E90D,2012-02-02 00:00:00.000
1590,393,3,600C85C6-480D-4769-BA15-B8A736CC55F3,2012-02-03 00:00:00.000
1592,369,3,08B75AE9-B1A8-4AC8-A4E7-E7345214A7A6,2012-01-29 00:00:00.000
1594,340,3,BCF806F8-8E5A-4C72-AA34-22CD4DC43381,2012-02-03 00:00:00.000
1596,346,3,AFC23451-FBB8-43E9-BD1C-D9533D18F1EB,2011-12-24 00:00:00.000
1598,328,3,3BB738F4-0B65-4F93-938B-771051A65EFE,2011-12-24 00:00:00.000
1600,337,3,72F8BB07-9922-4B90-96F5-728E54B954FB,2012-01-25 00:00:00.000
1602,310,3,77E96FB6-3E21-4A16-8ABB-74F50F44AA6C,2011-12-23 00:00:00.000
1604,313,3,16EED300-0355-476F-B11E-12590A64AAF6,2011-12-23 00:00:00.000
1606,319,3,7AB83B5E-A2B6-4055-A439-4D3F6E747D44,2012-01-25 00:00:00.000
1608,390,3,BCF4EB3B-417C-41BB-A327-BF38491258D4,2012-02-02 00:00:00.000
1610,350,3,179E26AA-B33C-4603-A285-B720482D7A14,2012-01-25 00:00:00.000
1612,374,3,5D449459-9519-4CE3-9CE7-A667426ACE5B,2012-02-02 00:00:00.000
1614,386,3,8149F599-67E1-4D4C-96F6-DA19BF9999DA,2012-02-02 00:00:00.000
1616,308,3,22D48056-EB2B-424E-8A31-FC9B7BEA2656,2011-05-09 00:00:00.000
1618,373,3,C88192BF-7F3A-42E5-BC45-59BC6925305A,2012-01-29 00:00:00.000
1620,365,3,8A4130C7-BC42-4B61-BDF0-A9E1D0CF0A4B,2012-01-29 00:00:00.000
1622,388,3,6FA3607D-B009-46DB-B502-067C501312CB,2012-02-02 00:00:00.000
1624,326,3,4BA129D0-AC3D-469F-8EBA-2D38F797EA72,2011-12-24 00:00:00.000
1626,347,3,D543AADA-4506-4474-ADAB-3AEABABE7208,2012-01-25 00:00:00.000
1628,312,3,3B192F1A-568E-4AD5-98FE-44D65E6EC7D2,2011-12-23 00:00:00.000
1630,353,3,B93A2C54-518F-435F-8373-85554429F1E2,2012-02-02 00:00:00.000
1632,389,3,18079089-41DB-4698-808E-66BD3608484C,2012-02-02 00:00:00.000
1634,343,3,FE3D4424-A087-4BDA-B1FE-1DE0A736284E,2011-05-09 00:00:00.000
1636,356,3,4C959631-7227-477E-ADE5-A74C5CE9D981,2012-01-17 00:00:00.000
1638,354,3,EEC9F90B-CB25-4B60-90B1-ED760E44A57C,2012-01-25 00:00:00.000
1640,367,3,4984EA7C-DAAD-4F1B-A2F5-66357E865F09,2012-02-02 00:00:00.000
1642,334,3,40A184A0-0488-48C3-8232-E8C46A45452E,2012-02-02 00:00:00.000
1644,359,3,090C4ACB-557A-470F-9C28-527C74C8F867,2012-01-25 00:00:00.000
1646,335,3,A05D4772-2E2C-45A3-83B6-E0E2547AF330,2012-01-17 00:00:00.000
1648,333,3,427205CE-9911-43B4-97FC-EE174D99900A,2012-01-17 00:00:00.000
1650,304,3,C43BFBF7-65C0-4622-AF9C-035BDE9DEE82,2011-04-25 00:00:00.000
1652,399,3,F3888CE4-A07F-4BB0-B3A7-88DD6883E04C,2012-02-18 00:00:00.000
1654,305,3,ED6C2C44-561B-4DCB-965D-FB64B325AC91,2011-05-09 00:00:00.000
1656,377,3,F435BDD2-E608-4681-8152-68E758878B8C,2012-02-02 00:00:00.000
1658,329,3,5D64E92E-6417-4F20-80D2-137998F44AEA,2011-12-24 00:00:00.000
1660,370,3,B44BB9C2-3B40-4676-B9D8-E9D20DDF03AC,2012-01-25 00:00:00.000
1662,380,3,370F0AC5-574F-42C7-A31A-151F27ED20C0,2012-02-02 00:00:00.000
1664,306,3,1912E2E1-D979-4557-A53F-C536F0874ECC,2011-05-09 00:00:00.000
1666,366,3,493B9E58-DD6C-4E2A-ABE3-A40A755579E8,2012-01-29 00:00:00.000
1668,395,3,2E4934DA-44BB-48DD-BCE2-211D843697E0,2012-02-03 00:00:00.000
1670,349,3,3617D651-026E-4EEA-BD3E-D63A0E4C4B2F,2012-02-03 00:00:00.000
1672,336,3,B65B2E8E-8527-4E64-8B5E-6C5129CB83ED,2012-01-25 00:00:00.000
1674,398,3,9432D1E8-6C8C-4A9C-A963-BE79B2938A72,2012-02-18 00:00:00.000
1676,394,3,5E0D933F-B4F5-4185-886A-EE85FB9A4D80,2012-02-03 00:00:00.000
1678,307,3,40C9A2D5-86CE-4A74-9C38-3919D05CA324,2011-05-09 00:00:00.000
1680,361,3,74648128-EC73-480D-9347-FB25FEFEB6A7,2012-01-25 00:00:00.000
1682,381,3,1125A47B-1637-4A3A-96C3-FA72DF1DB2E7,2012-02-02 00:00:00.000
1684,383,3,80FB402E-A91D-461E-BA87-0CF33570CD35,2012-02-02 00:00:00.000
1686,382,3,48AE23F5-383F-4266-9884-126D77FBDFBE,2012-02-02 00:00:00.000
1688,404,3,8F916757-27B2-45B1-AAE2-10195E8DF8F0,2012-02-18 00:00:00.000
