BusinessEntityID,EmailAddressID,EmailAddress,rowguid,ModifiedDate
1,1,ken0@adventure-works.com,8A1901E4-671B-431A-871C-EADB2942E9EE,2009-01-07 00:00:00.000
2,2,terri0@adventure-works.com,B5FF9EFD-72A2-4F87-830B-F338FDD4D162,2008-01-24 00:00:00.000
3,3,roberto0@adventure-works.com,C8A51084-1C03-4C58-A8B3-55854AE7C499,2007-11-04 00:00:00.000
4,4,rob0@adventure-works.com,17703ED1-0031-4B4A-AFD2-77487A556B3B,2007-11-28 00:00:00.000
5,5,gail0@adventure-works.com,E76D2EA3-08E5-409C-BBE2-5DD1CDF89A3B,2007-12-30 00:00:00.000
6,6,jossef0@adventure-works.com,A9C4093A-4F4A-4CAD-BBB4-2C4E920BACCB,2013-12-16 00:00:00.000
7,7,dylan0@adventure-works.com,70429DE4-C3BF-4F19-A00A-E976C8017FB3,2009-02-01 00:00:00.000
8,8,diane1@adventure-works.com,37F02A87-058D-49F8-A20D-965738B0A71F,2008-12-22 00:00:00.000
9,9,gigi0@adventure-works.com,F888A16D-0C33-459E-9D72-D16AE0BB1F43,2009-01-09 00:00:00.000
10,10,michael6@adventure-works.com,E0DD366D-433D-4F5A-9347-1A5FE7FBE0A3,2009-04-26 00:00:00.000
11,11,ovidiu0@adventure-works.com,0FF9523D-F398-4237-85F8-2834DE441692,2010-11-28 00:00:00.000
12,12,thierry0@adventure-works.com,B2962849-CC5F-4E57-BCB4-019642BBD8ED,2007-12-04 00:00:00.000
13,13,janice0@adventure-works.com,64871268-3812-402F-8A91-C618B6515B06,2010-12-16 00:00:00.000
14,14,michael8@adventure-works.com,BEA9075C-1BED-4E5E-8234-F5641FAF814C,2010-12-23 00:00:00.000
15,15,sharon0@adventure-works.com,5CD782BA-F5AB-41EC-B206-09B06F52C96B,2011-01-11 00:00:00.000
16,16,david0@adventure-works.com,80C0D44A-78B6-42AC-AE8D-410A22A6BE63,2007-12-13 00:00:00.000
17,17,kevin0@adventure-works.com,F4332215-C861-4A54-99F5-B0C4F6406515,2007-01-19 00:00:00.000
18,18,john5@adventure-works.com,A944FC67-F16E-4AB8-8940-8CEFF186BED3,2011-01-31 00:00:00.000
19,19,mary2@adventure-works.com,626CB0E6-D6A9-4A73-8227-ACB02DBC5214,2011-02-07 00:00:00.000
20,20,wanida0@adventure-works.com,924A0FC3-F9E4-4100-8C82-1C69AAE4501F,2010-12-31 00:00:00.000
21,21,terry0@adventure-works.com,001ADA12-A5D4-44E7-97EF-610888C011C5,2009-02-23 00:00:00.000
22,22,sariya0@adventure-works.com,BA309CB3-C089-4BD8-A9CA-AAC0CE2B7BBF,2008-12-05 00:00:00.000
23,23,mary0@adventure-works.com,4E589721-922B-4A26-A138-B9D5A1813EC7,2009-01-05 00:00:00.000
24,24,jill0@adventure-works.com,76C0AD95-1552-4867-A95F-7460EF3F3EEE,2009-01-11 00:00:00.000
25,25,james1@adventure-works.com,2FB4A156-A73C-4FB6-ADEE-D36BC1435C87,2009-01-27 00:00:00.000
26,26,peter0@adventure-works.com,2153CB40-E8B1-43C3-9791-6BFF91E75D77,2008-11-24 00:00:00.000
27,27,jo0@adventure-works.com,98259561-ECCB-4257-9CF3-C4ED5E3356FC,2008-02-20 00:00:00.000
28,28,guy1@adventure-works.com,0D4F335B-6F4C-4612-942A-8BCCAF1BDA8D,2006-06-23 00:00:00.000
29,29,mark1@adventure-works.com,9C9D2AC4-BBFD-47F6-95AA-6DFF49538E08,2009-01-16 00:00:00.000
30,30,britta0@adventure-works.com,1F515A06-5240-4271-AD27-825DFDFA189A,2009-01-22 00:00:00.000
31,31,margie0@adventure-works.com,52DCDDF9-B9FD-4A8F-B23C-FC0B6E75380A,2008-12-28 00:00:00.000
32,32,rebecca0@adventure-works.com,AFBA85F1-8107-40E5-82DB-98D0678D6F15,2008-12-22 00:00:00.000
33,33,annik0@adventure-works.com,9B34B7EE-E461-4F34-ABC9-40CA59E7B8FD,2008-12-10 00:00:00.000
34,34,suchitra0@adventure-works.com,2A0B297F-6225-4B5A-AD4E-278F023CF864,2009-02-09 00:00:00.000
35,35,brandon0@adventure-works.com,87B16476-B184-4CB2-9F75-AF0606855B25,2009-02-01 00:00:00.000
36,36,jose0@adventure-works.com,7CB0078C-CAAA-44BD-B788-0F04DF52AA9F,2009-02-03 00:00:00.000
37,37,chris2@adventure-works.com,5B3E99AC-A9ED-40D7-A206-E99210C957D0,2009-02-28 00:00:00.000
38,38,kim1@adventure-works.com,9730C7EB-AB57-4785-9D8E-C90C49F3C6DE,2010-01-09 00:00:00.000
39,39,ed0@adventure-works.com,2AA0689B-EB49-4783-B7DA-66B96C569854,2010-01-29 00:00:00.000
40,40,jolynn0@adventure-works.com,A7150AC4-A013-4A90-ABDF-084A527CA233,2007-12-19 00:00:00.000
41,41,bryan0@adventure-works.com,CF270087-0505-45FB-975C-1AB089678604,2009-01-14 00:00:00.000
42,42,james0@adventure-works.com,C051B91D-2363-4DCA-B09F-305C4F93412E,2008-12-20 00:00:00.000
43,43,nancy0@adventure-works.com,52C2CDCF-949E-4B7B-BDE9-159ED85E6654,2008-12-26 00:00:00.000
44,44,simon0@adventure-works.com,6AC896ED-318C-4C8B-A5AB-D4E8D036B3E7,2008-12-01 00:00:00.000
45,45,thomas0@adventure-works.com,B95150F5-E806-44C2-9369-270378FA6B03,2009-02-19 00:00:00.000
46,46,eugene1@adventure-works.com,1C2AF5C7-56E5-440F-9FB0-1972EC1CCF1F,2009-02-01 00:00:00.000
47,47,andrew0@adventure-works.com,BC270013-80B6-4067-B60B-4BEEFC2D7739,2009-02-15 00:00:00.000
48,48,ruth0@adventure-works.com,3360C26C-7B6E-4B0A-A688-DBEFEB209CDB,2007-12-30 00:00:00.000
49,49,barry0@adventure-works.com,324C8DCE-06FA-47B9-B7C7-D35590B9A196,2013-11-29 00:00:00.000
50,50,sidney0@adventure-works.com,953FBA2B-5004-4879-ADB8-C6B08F17FA0C,2008-01-26 00:00:00.000
51,51,jeffrey0@adventure-works.com,9B83DF43-8B73-46ED-B821-77000D84BEC1,2008-02-13 00:00:00.000
52,52,doris0@adventure-works.com,01DC29C7-BF48-4F15-A5FA-C3EA72EC94F0,2014-01-31 00:00:00.000
53,53,diane0@adventure-works.com,FAED4878-4CF5-4555-B670-B2B09B6A188A,2008-03-21 00:00:00.000
54,54,bonnie0@adventure-works.com,C6AEB77C-8DFE-4776-985C-E34138643612,2009-12-25 00:00:00.000
55,55,taylor0@adventure-works.com,F407CF1E-B04D-416D-BC69-1AC6E5C24C99,2013-12-31 00:00:00.000
56,56,denise0@adventure-works.com,58F29B04-00B3-44E1-AC87-9AC960FFDA12,2009-01-29 00:00:00.000
57,57,frank1@adventure-works.com,4FEF2A65-2DD3-4107-9785-870DE1727EBC,2009-02-16 00:00:00.000
58,58,kendall0@adventure-works.com,E370F4B0-B1F5-4595-8DA1-5D88B4948341,2008-11-28 00:00:00.000
59,59,bob0@adventure-works.com,2CC9EE3A-8C99-49E1-9033-F850CF668EFA,2008-12-17 00:00:00.000
60,60,pete0@adventure-works.com,55E3E46B-7205-4C7E-882E-63AA895310CC,2009-01-04 00:00:00.000
61,61,diane2@adventure-works.com,B3B18577-A565-47C6-B149-CD2AAE6BD3F0,2009-01-11 00:00:00.000
62,62,john0@adventure-works.com,0F968A24-5E70-4A47-9961-091E31A57849,2014-02-07 00:00:00.000
63,63,maciej0@adventure-works.com,EB76A53A-8095-4A99-89D6-03923CA6EA0E,2010-01-22 00:00:00.000
64,64,michael7@adventure-works.com,77E65F84-6EE8-420A-B072-E13D87C85A45,2010-02-16 00:00:00.000
65,65,randy0@adventure-works.com,B174F86B-CBA7-4B5D-AA83-8A075EE1FDB4,2010-02-16 00:00:00.000
66,66,karan0@adventure-works.com,13A1D31A-8C76-419E-81D5-0B479A2F3AD9,2009-12-15 00:00:00.000
67,67,jay0@adventure-works.com,47E5526E-FE7F-4D11-AED7-14AB5307B97F,2009-02-26 00:00:00.000
68,68,charles0@adventure-works.com,D40BFDBF-6D54-4F67-ACA8-055E8498B995,2009-11-26 00:00:00.000
69,69,steve0@adventure-works.com,BC1283A1-A7FC-4DB2-8344-7F15C000F63F,2009-02-08 00:00:00.000
70,70,david2@adventure-works.com,D62C5B4E-C91F-403F-B630-7B7E0FDA70CE,2008-12-08 00:00:00.000
71,71,michael3@adventure-works.com,3F21EB3B-81AB-46F3-AAE2-A8D5C5EB6A6D,2009-02-08 00:00:00.000
72,72,steven0@adventure-works.com,9D1C4B98-72B0-4E17-8214-2CD2C72F86E9,2008-11-24 00:00:00.000
73,73,carole0@adventure-works.com,703CD060-E4FF-42F4-8F82-41131CCB346E,2008-12-12 00:00:00.000
74,74,bjorn0@adventure-works.com,7ED83953-FA8E-497A-98D6-6B3684BEC822,2008-12-31 00:00:00.000
75,75,michiko0@adventure-works.com,0798AD10-1E34-405A-A440-615634B76E24,2009-01-19 00:00:00.000
76,76,carol0@adventure-works.com,140A9C46-2A64-43FC-ACF2-A76ED2805266,2009-02-05 00:00:00.000
77,77,merav0@adventure-works.com,0A4F7C43-3FED-43FE-947C-69E9FCB0629A,2009-02-24 00:00:00.000
78,78,reuben0@adventure-works.com,D0FC506C-3332-4486-A6B7-4FD20E21245F,2008-12-08 00:00:00.000
79,79,eric1@adventure-works.com,DC243863-A00C-448C-B90F-509DFBE76F12,2010-01-17 00:00:00.000
80,80,sandeep0@adventure-works.com,C7ADB778-4A93-493D-ADAD-FAAF3967A5BA,2010-01-10 00:00:00.000
81,81,mihail0@adventure-works.com,E07A7278-4697-4B4A-A9E0-CAC2583143DE,2009-12-22 00:00:00.000
82,82,jack1@adventure-works.com,5AE3538E-A9A4-49C9-8488-2314F289B6CB,2010-02-24 00:00:00.000
83,83,patrick1@adventure-works.com,621D39FE-5EEA-4840-8131-31375E061E94,2010-02-05 00:00:00.000
84,84,frank3@adventure-works.com,A53C239F-BC9F-447F-A719-59B59A6F482A,2010-01-29 00:00:00.000
85,85,brian2@adventure-works.com,78586E93-83A6-44BB-8F5D-4187F702C040,2009-12-04 00:00:00.000
86,86,ryan0@adventure-works.com,B8A67E8B-15D5-4A9F-8C27-30D86779CEC1,2008-12-29 00:00:00.000
87,87,cristian0@adventure-works.com,2FFF23E9-73FE-48F0-A7ED-168F48B4941F,2008-12-15 00:00:00.000
88,88,betsy0@adventure-works.com,079E435B-5A3A-43A0-B598-9D0D21D8FA4F,2009-12-11 00:00:00.000
89,89,patrick0@adventure-works.com,77B0ABC5-529E-4ABD-89E3-28CBB8761741,2010-01-25 00:00:00.000
90,90,danielle0@adventure-works.com,3B8219C2-8893-4881-AA3C-4D0A752FC4EA,2010-02-13 00:00:00.000
91,91,kimberly0@adventure-works.com,23275F93-2E6C-487F-9FC1-617F8239D050,2010-01-05 00:00:00.000
92,92,tom0@adventure-works.com,E093B00C-F87F-4B93-AF2F-ECD6C9F63B85,2010-03-03 00:00:00.000
93,93,kok-ho0@adventure-works.com,4232D44C-B42C-498E-840F-F2AE44B50F16,2008-12-20 00:00:00.000
94,94,russell0@adventure-works.com,2D083A33-FEDE-4472-9C96-5766E9783351,2008-12-05 00:00:00.000
95,95,jim0@adventure-works.com,933B5FE3-CC08-48FF-AB0F-A812FC642D0B,2008-12-12 00:00:00.000
96,96,elizabeth0@adventure-works.com,DE385467-19F1-41B1-9165-E05E462FBC80,2009-02-23 00:00:00.000
97,97,mandar0@adventure-works.com,1A9E785F-EBCF-454D-B249-2A88F858A2D0,2009-02-03 00:00:00.000
98,98,sameer0@adventure-works.com,DFCC751C-451C-4498-819B-A4692527B0A2,2009-02-04 00:00:00.000
99,99,nuan0@adventure-works.com,12A30695-A604-4312-B65E-19A67FB3FB73,2008-12-30 00:00:00.000
100,100,lolan0@adventure-works.com,4EBF0B6C-141E-4725-B6E7-04D4FB305B80,2009-01-05 00:00:00.000
101,101,houman0@adventure-works.com,B1A38954-E8C1-4009-A632-EE02DA1FD9D8,2009-01-18 00:00:00.000
102,102,zheng0@adventure-works.com,0766060D-CA79-45DB-B892-668A2A924B7F,2008-11-26 00:00:00.000
103,103,ebru0@adventure-works.com,A27D2032-F216-493F-923C-A2BC4B5AD190,2009-11-29 00:00:00.000
104,104,mary1@adventure-works.com,AD6C9CAB-1428-4345-ADD4-30DD879AFB89,2009-12-18 00:00:00.000
105,105,kevin2@adventure-works.com,F5C6BB98-0D1D-4ADD-9C0C-04B37D28468D,2009-12-18 00:00:00.000
106,106,john4@adventure-works.com,BC4640E4-0360-49B8-9EC0-ACA2DFB76D84,2010-02-20 00:00:00.000
107,107,christopher0@adventure-works.com,D4773AEF-A889-420D-B9F7-6167B7223CFC,2010-02-01 00:00:00.000
108,108,jinghao0@adventure-works.com,C4861DC0-3A60-4C72-B622-4840663167A5,2008-12-01 00:00:00.000
109,109,alice0@adventure-works.com,8C45D022-A69E-49C9-BA7B-E4B2567E7031,2008-11-30 00:00:00.000
110,110,jun0@adventure-works.com,D5CC5BE1-4C69-4576-8AF7-D892816BD66A,2008-12-07 00:00:00.000
111,111,suroor0@adventure-works.com,85B62BFF-C5D6-4E4B-A634-0C1C61F08943,2008-12-10 00:00:00.000
112,112,john1@adventure-works.com,A52A0702-28F8-4849-AE3A-30AEC008F2EC,2008-12-25 00:00:00.000
113,113,linda0@adventure-works.com,1E6331CF-DB0D-46A6-8B68-970DE3C28755,2008-12-18 00:00:00.000
114,114,mindaugas0@adventure-works.com,415EC347-556E-4142-AA46-AE927320B893,2009-01-06 00:00:00.000
115,115,angela0@adventure-works.com,FA46B7F9-0269-4A18-B34D-8D31829AE726,2009-01-13 00:00:00.000
116,116,michael2@adventure-works.com,E136B945-0D14-4C36-93A1-D0EBEF70E877,2009-01-24 00:00:00.000
117,117,chad0@adventure-works.com,D9C889E6-C8BB-44E2-92B3-BD268596D959,2009-02-11 00:00:00.000
118,118,don0@adventure-works.com,28ABCFF5-6178-4BA0-B610-D459D03E3D8E,2009-02-06 00:00:00.000
119,119,michael4@adventure-works.com,A8B13899-CAD3-4A5D-B459-19F9256685B3,2009-02-18 00:00:00.000
120,120,kitti0@adventure-works.com,C8FE6E0F-7C9E-47AC-9038-6C362A6067D0,2009-02-25 00:00:00.000
121,121,pilar0@adventure-works.com,A248F59F-CD52-4CB8-9E23-0E14BA620432,2008-12-26 00:00:00.000
122,122,susan0@adventure-works.com,2C6E99E1-2715-4B0C-A196-F1BE204605EF,2008-11-30 00:00:00.000
123,123,vamsi0@adventure-works.com,73370349-E37E-4CBB-89AC-CE01A073A2CA,2008-11-30 00:00:00.000
124,124,kim0@adventure-works.com,CCEF1782-7C06-4EE7-BC12-D2F91B5DEEAA,2008-12-19 00:00:00.000
125,125,matthias0@adventure-works.com,2BE2A87A-9EB9-45CB-99F3-E3D703FB7AAA,2009-01-13 00:00:00.000
126,126,jimmy0@adventure-works.com,FB8DB7F1-40DE-4110-A29F-D2CFD747E408,2009-02-19 00:00:00.000
127,127,david4@adventure-works.com,7AD791C4-08ED-4983-A1BD-FB6E2283233D,2008-12-27 00:00:00.000
128,128,paul0@adventure-works.com,7FC86BA7-74DA-48AA-803B-C02E88CAE392,2008-11-27 00:00:00.000
129,129,gary0@adventure-works.com,71BD0596-FDF3-42AE-A4AE-CF9DDECA5535,2008-12-15 00:00:00.000
130,130,rob1@adventure-works.com,F4150104-2A1F-4895-9D1D-3C9B324E1C45,2009-02-06 00:00:00.000
131,131,baris0@adventure-works.com,9BF4275A-C36D-4FDA-B37A-F825E3D5CE5E,2009-02-08 00:00:00.000
132,132,nicole0@adventure-works.com,CE6A8412-F496-4728-B822-A92DBA863A5F,2009-02-15 00:00:00.000
133,133,michael1@adventure-works.com,F0508FFC-6529-4979-B01B-47355264CFD0,2009-01-03 00:00:00.000
134,134,eric0@adventure-works.com,B5AD48A5-D1B1-484C-A96A-6026DC4FC276,2009-01-07 00:00:00.000
135,135,ivo0@adventure-works.com,65042EB4-D07A-487D-A8A4-5DDA60695F13,2008-11-27 00:00:00.000
136,136,sylvester0@adventure-works.com,6C757321-9920-4FB6-8587-A53C64160A94,2009-12-04 00:00:00.000
137,137,anibal0@adventure-works.com,3C11EF13-E40F-4AC3-B987-97C05E17FC4F,2009-02-16 00:00:00.000
138,138,samantha0@adventure-works.com,9CE31637-7383-45AD-91C1-0E7FB13A3AC1,2009-01-28 00:00:00.000
139,139,hung-fu0@adventure-works.com,26BC25F4-CD70-4395-89B4-3FA838E88822,2009-12-30 00:00:00.000
140,140,prasanna0@adventure-works.com,92E91660-BE6C-4CB7-B4D8-1B71324E9944,2010-01-15 00:00:00.000
141,141,min0@adventure-works.com,53613A7B-6203-4852-B28A-A6E1BEC99FA1,2010-01-17 00:00:00.000
142,142,olinda0@adventure-works.com,17054C6E-2BFA-48F1-88E1-5589CC5BF366,2010-02-25 00:00:00.000
143,143,krishna0@adventure-works.com,72F099F6-4748-40DA-993C-69C8EDF76B18,2010-02-06 00:00:00.000
144,144,paul1@adventure-works.com,F50159DF-1A39-4BBD-BA72-B380C9D4921D,2009-01-10 00:00:00.000
145,145,cynthia0@adventure-works.com,EA9C577E-A7C6-446D-8819-42417B43CA41,2009-01-20 00:00:00.000
146,146,jianshuo0@adventure-works.com,D123542F-9C58-4C06-8FC0-A78E1FB4D50B,2008-11-30 00:00:00.000
147,147,sandra0@adventure-works.com,F3FD8758-C157-4082-93CF-622DE451832D,2008-12-19 00:00:00.000
148,148,jason0@adventure-works.com,C55B86A1-167E-4B62-9DE2-0376D28268BD,2009-01-07 00:00:00.000
149,149,andy0@adventure-works.com,560FC0D8-C75A-486C-BC8A-A1E59FCB755C,2009-01-24 00:00:00.000
150,150,michael5@adventure-works.com,C6730986-826F-4137-BE87-47F23B786CFA,2009-02-19 00:00:00.000
151,151,rostislav0@adventure-works.com,ACA69D01-EF31-4A3E-976F-7DA2E9F8A929,2009-02-12 00:00:00.000
152,152,yuhong0@adventure-works.com,DA2F2741-3E83-46AE-9FC3-723E34BDD551,2009-01-25 00:00:00.000
153,153,hanying0@adventure-works.com,F3E0368B-9B95-4775-839A-003E24BA7A23,2008-12-09 00:00:00.000
154,154,raymond0@adventure-works.com,5E32288E-1EE6-4153-9F47-9435BC009AF9,2008-12-16 00:00:00.000
155,155,fadi0@adventure-works.com,25864705-1B1F-40A5-AB2F-CCD48EEA5F1F,2008-12-28 00:00:00.000
156,156,lane0@adventure-works.com,E98104A0-7F15-4938-AADC-E0EE658DFBF3,2009-01-04 00:00:00.000
157,157,linda1@adventure-works.com,26A4317C-A8C3-43FA-8CD2-84D2844DBED1,2009-01-27 00:00:00.000
158,158,shelley0@adventure-works.com,D35879EB-E373-4359-B027-76072A6BE5F6,2009-02-28 00:00:00.000
159,159,terrence0@adventure-works.com,63D4EA48-73A9-4108-BF3E-14450C6DD6CE,2009-02-09 00:00:00.000
160,160,jeff0@adventure-works.com,0B40A5ED-51A4-4EE8-A486-FF4CD200CA30,2009-01-14 00:00:00.000
161,161,kirk0@adventure-works.com,D5A2BE6D-796A-465D-A0AE-C5CF1C8C0451,2008-12-08 00:00:00.000
162,162,laura0@adventure-works.com,23BC5DB0-9C81-4C9C-82E0-B194C5467283,2008-12-27 00:00:00.000
163,163,alex0@adventure-works.com,AE39B8CC-002F-46F9-AFB9-E4A788073119,2009-02-01 00:00:00.000
164,164,andrew1@adventure-works.com,F156D627-1613-45A9-8299-53AEED98C0F8,2009-02-27 00:00:00.000
165,165,chris0@adventure-works.com,01A22557-82EE-4C99-A8E8-5D96A1DF5649,2009-01-15 00:00:00.000
166,166,jack0@adventure-works.com,B29DCF5D-0D4F-4B4E-AA9B-14D239D5C5B1,2009-02-14 00:00:00.000
167,167,david1@adventure-works.com,38000144-1D21-4E05-A5C2-B4CD24D3F14A,2008-11-25 00:00:00.000
168,168,garrett0@adventure-works.com,FED3D441-6917-4594-ADAF-5E323FF2F57B,2008-11-30 00:00:00.000
169,169,susan1@adventure-works.com,E30D5553-CF21-470A-BD69-05FFA933D816,2008-12-07 00:00:00.000
170,170,george0@adventure-works.com,0008836B-5ED3-4E25-92AE-A29AFE64403D,2008-12-14 00:00:00.000
171,171,david3@adventure-works.com,5CF45166-F1BC-4D60-A460-CDBD1A706904,2008-12-26 00:00:00.000
172,172,marc0@adventure-works.com,7740C361-1681-47B9-87D7-A83AFE8F7E15,2009-01-09 00:00:00.000
173,173,eugene0@adventure-works.com,60E866CF-3A9B-456F-9000-DD8526CA2A61,2009-01-14 00:00:00.000
174,174,benjamin0@adventure-works.com,18B45A3C-4CAC-4AB4-97A1-A58FBCC705B5,2009-01-20 00:00:00.000
175,175,reed0@adventure-works.com,C9283591-9FB8-465E-A37C-F46ABC6DF368,2009-01-26 00:00:00.000
176,176,david7@adventure-works.com,E779FD9B-4945-4E48-8F0E-90F1589CB622,2009-02-07 00:00:00.000
177,177,russell1@adventure-works.com,93D5D09D-D29A-4B0A-A700-486D38D8EE1B,2009-02-14 00:00:00.000
178,178,john3@adventure-works.com,A23974C4-7BC0-42EC-80F7-FF17878BA8C9,2009-02-24 00:00:00.000
179,179,jan0@adventure-works.com,E17475CD-E9CF-4572-B787-9797A064BCA7,2009-02-26 00:00:00.000
180,180,katie0@adventure-works.com,92393B68-D7FD-4228-9334-D102037EC737,2009-02-13 00:00:00.000
181,181,michael0@adventure-works.com,CC7724F9-A364-4D89-9EA9-4AFA68F2D887,2008-12-02 00:00:00.000
182,182,nitin0@adventure-works.com,5C03E261-C522-4793-A42D-8F9E6EF7E8E4,2008-12-21 00:00:00.000
183,183,barbara0@adventure-works.com,AFDD9E4B-DC8D-4A24-9D75-4897C2D59B00,2009-01-15 00:00:00.000
184,184,john2@adventure-works.com,195E8507-2957-4363-9B1B-F9CC65E6E2E9,2009-02-02 00:00:00.000
185,185,stefen0@adventure-works.com,04DAD7BD-1141-4E0F-A6FE-6C17B146D407,2009-02-21 00:00:00.000
186,186,shane0@adventure-works.com,CF891774-A3A0-4D0E-9BAE-841A38F27322,2009-02-01 00:00:00.000
187,187,yvonne0@adventure-works.com,3DEADEE4-4539-4166-9F40-1D111A92B905,2008-12-02 00:00:00.000
188,188,douglas0@adventure-works.com,A1FE3A50-8634-46E3-901E-80ED0827FCF8,2008-12-20 00:00:00.000
189,189,janeth0@adventure-works.com,FAD439F5-AE4B-4A4E-9D9A-2C564DEA2D3B,2009-01-08 00:00:00.000
190,190,robert0@adventure-works.com,255D5EC2-BA9D-4AF0-BD08-0CCBD4363F84,2009-01-26 00:00:00.000
191,191,lionel0@adventure-works.com,BC9E847C-A828-4C55-85A7-13ACDE25319D,2009-02-19 00:00:00.000
192,192,brenda0@adventure-works.com,38CBE598-AFBA-406B-BC96-C8A998E06E61,2009-02-26 00:00:00.000
193,193,alejandro0@adventure-works.com,9A5BC0F7-B72D-4778-AA68-0F7DA65A6875,2008-11-29 00:00:00.000
194,194,fred0@adventure-works.com,FDF85518-A1BB-466A-81C4-C12B70281C74,2008-12-05 00:00:00.000
195,195,kevin1@adventure-works.com,2096C8C9-1A5D-42BD-912C-9DEDFE84BEA9,2008-12-10 00:00:00.000
196,196,shammi0@adventure-works.com,F62FC889-EADF-48C4-B4C2-3DEFF636A677,2008-12-17 00:00:00.000
197,197,rajesh0@adventure-works.com,4E455079-DEFF-4A8A-9A94-35168D311850,2008-12-24 00:00:00.000
198,198,lorraine0@adventure-works.com,6701AC9C-0A12-4D7D-A56D-CE293B1B36DE,2008-12-28 00:00:00.000
199,199,paula1@adventure-works.com,EF3CB6A7-63B1-4F7C-8919-2D0467725F82,2009-01-05 00:00:00.000
200,200,frank0@adventure-works.com,BF623E0D-E3AC-4AC9-AFFB-A72D45AC2020,2009-01-10 00:00:00.000
201,201,brian0@adventure-works.com,09ED7612-AF5C-4F65-A246-59BFDDE3AC18,2009-01-22 00:00:00.000
202,202,tawana0@adventure-works.com,9B144E61-558D-4733-8EF8-8F86EA039033,2009-01-29 00:00:00.000
203,203,ken1@adventure-works.com,5C1E03FB-E6E3-4A1F-870D-ACC1A41041B9,2009-02-17 00:00:00.000
204,204,gabe0@adventure-works.com,341001CF-5DB8-47BE-90C5-CC02FFC75327,2009-03-01 00:00:00.000
205,205,lori0@adventure-works.com,224094FB-E29B-4E38-B97D-4D03C73D7411,2009-02-19 00:00:00.000
206,206,stuart0@adventure-works.com,2001AE39-84D7-4358-8F52-972C1CCE606D,2008-11-25 00:00:00.000
207,207,greg0@adventure-works.com,D3BFE26D-BCCB-441F-8C01-70450E8D49D1,2008-11-25 00:00:00.000
208,208,scott0@adventure-works.com,F18078DB-2B82-4DCC-AFE6-2EC796261F29,2009-01-01 00:00:00.000
209,209,kathie0@adventure-works.com,B547C41B-46F8-41EA-8DEA-93183D4F615D,2009-01-20 00:00:00.000
210,210,belinda0@adventure-works.com,1B5F281C-CAA5-461F-BB25-5593140D6AA8,2009-02-13 00:00:00.000
211,211,hazem0@adventure-works.com,0C80D162-0D8A-452E-9EF5-F6C6FEE819A3,2009-02-21 00:00:00.000
212,212,peng0@adventure-works.com,16055E23-B9D0-44C4-8F2C-C9F66DF1E8BE,2008-12-02 00:00:00.000
213,213,sootha0@adventure-works.com,8EA38CF4-C5A1-44AC-B50B-1D53B41D535C,2010-02-16 00:00:00.000
214,214,andreas0@adventure-works.com,30C1D4A4-4F13-4E01-AF3C-6D2B2B020300,2009-01-26 00:00:00.000
215,215,mark0@adventure-works.com,38604F61-C13A-464A-B36D-E57A313D96BD,2009-01-08 00:00:00.000
216,216,sean0@adventure-works.com,A95D2B4F-0648-44F6-A14D-89596AAE3430,2008-12-21 00:00:00.000
217,217,zainal0@adventure-works.com,8967CCF9-F3B8-410F-8766-3D0510151946,2008-12-28 00:00:00.000
218,218,tengiz0@adventure-works.com,39945494-59D2-4E4F-B7B6-E56748800BAE,2008-12-09 00:00:00.000
219,219,sean1@adventure-works.com,8DDFEF78-B2E0-4856-BCB5-62B81E925D55,2009-01-15 00:00:00.000
220,220,karen0@adventure-works.com,B327A40F-0B0C-4391-92F3-3B66F4D23A5E,2009-02-02 00:00:00.000
221,221,chris1@adventure-works.com,DE415A78-3EAE-40E8-B130-209A9521506F,2009-02-27 00:00:00.000
222,222,ascott0@adventure-works.com,96AA826F-2432-48DE-A741-BD4139072F12,2008-12-05 00:00:00.000
223,223,sairaj0@adventure-works.com,3E7C49C9-5F81-48A7-80C1-8BD0F7FAD02E,2009-01-19 00:00:00.000
224,224,william0@adventure-works.com,8992BA60-7FAE-4A9A-B92B-770708E99A64,2008-12-31 00:00:00.000
225,225,alan0@adventure-works.com,0075D670-034C-4F1B-A868-F8EEFF3175C5,2009-02-06 00:00:00.000
226,226,brian1@adventure-works.com,1418A00D-B326-485F-9869-2EA41F6DA2E8,2009-02-24 00:00:00.000
227,227,gary1@adventure-works.com,CD84EC01-4AA3-4B59-A527-20058FBA9DB4,2009-11-25 00:00:00.000
228,228,christian0@adventure-works.com,4802C7E4-C7DB-4F50-8F5A-9905B73B12E4,2008-12-07 00:00:00.000
229,229,lori1@adventure-works.com,07CF89A2-3E38-40C8-91B0-9E9F41B3652C,2010-02-09 00:00:00.000
230,230,stuart1@adventure-works.com,E30C77FE-2AE8-4859-8886-06D2DAF5559A,2010-02-26 00:00:00.000
231,231,jo1@adventure-works.com,7222A110-71A2-42D9-8CF5-1688EBAE3858,2010-02-28 00:00:00.000
232,232,pat0@adventure-works.com,FFA6B147-2D31-40FF-A0FF-A6F29966C877,2010-01-20 00:00:00.000
233,233,magnus0@adventure-works.com,5FB0DAE0-6E88-4C43-9890-8B09F0DA6D82,2009-12-14 00:00:00.000
234,234,laura1@adventure-works.com,2A42372E-3908-4003-9428-C05A9199A168,2009-01-24 00:00:00.000
235,235,paula0@adventure-works.com,B38EAD76-9EC0-42C4-B9A3-B42A284F5373,2008-11-29 00:00:00.000
236,236,grant0@adventure-works.com,4F7714D8-D40A-4817-8605-6BCC7CAA24A8,2009-02-18 00:00:00.000
237,237,hao0@adventure-works.com,BBBA6E3C-B1A3-433C-8ECF-C1B6773251D1,2009-01-30 00:00:00.000
238,238,vidur0@adventure-works.com,0D201CE8-6C09-4ED5-A0AC-256EB40DE625,2008-12-25 00:00:00.000
239,239,mindy0@adventure-works.com,7E3C7BB0-FF37-45C1-B545-DF67F6890436,2008-12-18 00:00:00.000
240,240,willis0@adventure-works.com,DD73A926-AAF4-407A-9776-FFD822221178,2008-12-06 00:00:00.000
241,241,david6@adventure-works.com,E8F11601-3E46-4156-BBE3-87331CE7A0CC,2009-01-23 00:00:00.000
242,242,deborah0@adventure-works.com,C84AD4E4-B3C0-4E31-B24F-BD6BF9906D10,2008-12-11 00:00:00.000
243,243,candy0@adventure-works.com,90D5B4DF-A9E7-4805-80C9-793C713B0DE5,2008-12-30 00:00:00.000
244,244,bryan1@adventure-works.com,1D39EE3C-16F7-44DC-9754-F447D3D5B64A,2009-01-17 00:00:00.000
245,245,barbara1@adventure-works.com,5564C566-A4F2-4CDB-9D60-D51481C45E7D,2009-02-11 00:00:00.000
246,246,dragan0@adventure-works.com,16D8689A-EFB8-43A1-90DE-0AF52323D5A0,2009-02-04 00:00:00.000
247,247,janet0@adventure-works.com,31AEBFB2-18FA-470E-B86C-F5BC675494C3,2009-02-22 00:00:00.000
248,248,mike0@adventure-works.com,C4C804B2-4BD2-4D1A-8407-D74F513DC93F,2009-03-01 00:00:00.000
249,249,wendy0@adventure-works.com,53540CFA-A13E-4EE2-9630-2F356D1FBF18,2008-12-18 00:00:00.000
250,250,sheela0@adventure-works.com,61FFB631-D8FF-4E7B-8077-FAA475E75BEF,2011-02-18 00:00:00.000
251,251,mikael0@adventure-works.com,C9E26F67-98CB-4044-93D7-F6F3131F0249,2009-02-03 00:00:00.000
252,252,arvind0@adventure-works.com,ACBC8A24-EF7A-42C5-8EBC-D55389E38A56,2009-02-21 00:00:00.000
253,253,linda2@adventure-works.com,06DC9AEB-23B6-45CC-AAF5-BBBCBA588249,2009-12-10 00:00:00.000
254,254,fukiko0@adventure-works.com,B29F8E57-5828-4158-9F77-A346BFF67AA6,2009-12-28 00:00:00.000
255,255,gordon0@adventure-works.com,6372E69A-783F-4424-9E62-1F6E52207077,2010-01-04 00:00:00.000
256,256,frank2@adventure-works.com,5F2EFB37-70DA-45FC-B9AC-57E062B53535,2010-01-16 00:00:00.000
257,257,eric2@adventure-works.com,11EB470A-8374-4DE9-8099-D5B9545409D1,2010-01-20 00:00:00.000
258,258,erin0@adventure-works.com,608AC9F2-F286-4149-911C-2ABDFEEF5AD8,2010-01-24 00:00:00.000
259,259,ben0@adventure-works.com,BBA81080-DEAF-4A99-89B7-B703B2C79CC9,2010-03-02 00:00:00.000
260,260,annette0@adventure-works.com,FE5D989D-659C-47A2-AEBC-3D56BE07C21F,2010-11-29 00:00:00.000
261,261,reinout0@adventure-works.com,A5BE9302-A667-4E98-9D6C-262A722E9818,2010-12-18 00:00:00.000
262,262,david5@adventure-works.com,F7F2713D-D497-435F-8469-092614D086FF,2009-01-05 00:00:00.000
263,263,jean0@adventure-works.com,4C9760A8-C70A-4466-8BF9-4477E9B18783,2008-12-04 00:00:00.000
264,264,stephanie0@adventure-works.com,017F05E6-8C30-412B-812B-6DB0E986423A,2009-01-28 00:00:00.000
265,265,ashvini0@adventure-works.com,37145251-4933-4ED4-B630-89E8F922B10B,2008-11-27 00:00:00.000
266,266,peter1@adventure-works.com,447B505D-6126-4C4D-A33F-C3C313860D5B,2009-02-16 00:00:00.000
267,267,karen1@adventure-works.com,1112C568-5544-45A1-88A5-21EC9283210F,2009-02-09 00:00:00.000
268,268,ramesh0@adventure-works.com,6B5ACC98-6E4B-488F-8911-312A06C33289,2009-01-27 00:00:00.000
269,269,dan0@adventure-works.com,5954318B-2B3A-43CB-9EB3-A0657C73576A,2009-01-04 00:00:00.000
270,270,françois0@adventure-works.com,2CACB34F-000E-4CD5-8C6A-CD15524BC7E6,2009-01-10 00:00:00.000
271,271,dan1@adventure-works.com,3B1522CE-F49F-4362-A1F3-30FE0C76A544,2009-01-15 00:00:00.000
272,272,janaina0@adventure-works.com,447C10D1-04AE-40B8-A53D-17F649495396,2008-12-16 00:00:00.000
273,273,brian3@adventure-works.com,9799432A-D34E-4F2C-BB4C-3049584DCEBF,2011-02-08 00:00:00.000
274,274,stephen0@adventure-works.com,FAFCED5B-FF48-4397-855A-ADEE1A5136DE,2010-12-28 00:00:00.000
275,275,michael9@adventure-works.com,226B6142-0A17-40B1-9ACF-2DD7BF95EE2E,2011-05-24 00:00:00.000
276,276,linda3@adventure-works.com,D24D8077-B9E6-4000-A591-C0E9283BF192,2011-05-24 00:00:00.000
277,277,jillian0@adventure-works.com,E96E095E-A77C-4258-90AE-B53050ACF308,2011-05-24 00:00:00.000
278,278,garrett1@adventure-works.com,89119DAD-BFC5-4867-AE67-26E40AC75523,2011-05-24 00:00:00.000
279,279,tsvi0@adventure-works.com,D13B5DD0-6F89-4BC4-A757-69FD2AF48580,2011-05-24 00:00:00.000
280,280,pamela0@adventure-works.com,4A398143-A1A9-464B-A2B8-B2315270A20F,2011-05-24 00:00:00.000
281,281,shu0@adventure-works.com,D07629FA-C7D0-4E81-875E-3FA4E27124A9,2011-05-24 00:00:00.000
282,282,josé1@adventure-works.com,0404EBA3-5A3F-4031-8641-C76CF6F5E5C1,2011-05-24 00:00:00.000
283,283,david8@adventure-works.com,19B29987-CF58-483A-A522-C2D71EEBAAA0,2011-05-24 00:00:00.000
284,284,tete0@adventure-works.com,2549D15E-AD3E-422F-B23E-94E0F492354B,2012-09-23 00:00:00.000
285,285,syed0@adventure-works.com,9C7834DD-94EE-4B0D-BCEB-0233208ABE23,2013-03-07 00:00:00.000
286,286,lynn0@adventure-works.com,77D6F83A-493D-450C-9BFE-4D940C5EF4B6,2013-05-23 00:00:00.000
287,287,amy0@adventure-works.com,6C06AC65-4DBB-4AB2-9E7C-4D35874ED980,2012-04-09 00:00:00.000
288,288,rachel0@adventure-works.com,2CA7F4B2-D6E8-439F-A6DE-B7ED28D4636C,2013-05-23 00:00:00.000
289,289,jae0@adventure-works.com,2DB2CC5F-5F5D-4018-B96E-44812E2AFF86,2012-05-23 00:00:00.000
290,290,ranjit0@adventure-works.com,E6D2472A-B7C5-4FBE-885F-4E2A43D85958,2012-05-23 00:00:00.000
291,291,gustavo0@adventure-works.com,02221975-8ADA-4BCA-88FA-0DFB73F1BA22,2015-04-15 16:33:33.060
293,292,catherine0@adventure-works.com,E1A54FD8-DFA8-401A-A9B0-2F0B6B2F2278,2015-04-15 16:33:33.077
295,293,kim2@adventure-works.com,B40F314D-CD64-4163-A2BA-E5D5AC733D79,2015-04-15 16:33:33.077
297,294,humberto0@adventure-works.com,168D273F-5210-4CE0-9003-190BF5422A9E,2015-04-15 16:33:33.090
299,295,pilar1@adventure-works.com,F41C05FC-8A7D-4381-BC8A-B04E223647C8,2015-04-15 16:33:33.090
301,296,frances0@adventure-works.com,764BCD33-B3E9-45D7-985D-7D508AA60D00,2015-04-15 16:33:33.090
303,297,margaret0@adventure-works.com,0B9145FF-327B-4CD5-A040-FA91D398E251,2015-04-15 16:33:33.107
305,298,carla0@adventure-works.com,E807F68A-A285-4BF8-84CD-69639FE14D3E,2015-04-15 16:33:33.107
307,299,jay1@adventure-works.com,5F0AEE9C-1A11-4D24-9066-017E6FA5CD96,2015-04-15 16:33:33.123
309,300,ronald0@adventure-works.com,5F14A004-61C3-42AA-9A31-046803779B7C,2015-04-15 16:33:33.123
311,301,samuel0@adventure-works.com,0DAEFD9C-782B-45C4-A3D6-8D0FCA1F6EB9,2011-08-01 00:00:00.000
313,302,james2@adventure-works.com,32ED170B-1D61-46F6-B2E4-F7C7B8F83771,2013-06-30 00:00:00.000
315,303,robert1@adventure-works.com,6A23704A-16B9-4E8E-8257-227C32C54166,2013-07-31 00:00:00.000
317,304,françois1@adventure-works.com,E7DBCBC2-F2B0-45EB-83CF-04C96D9E965B,2011-05-31 00:00:00.000
319,305,kim3@adventure-works.com,2E919F9C-0B8E-4DB7-B21F-AE2397604F44,2011-08-01 00:00:00.000
321,306,lili0@adventure-works.com,D147E241-695A-45BD-92E1-B8686EEF27B7,2012-07-31 00:00:00.000
323,307,amy1@adventure-works.com,D792455F-A6A4-4B58-B310-14E2B29FC490,2012-07-31 00:00:00.000
325,308,anna0@adventure-works.com,7AAE40C8-C13F-4E7C-B10E-9E16DC733CE3,2012-05-30 00:00:00.000
327,309,milton0@adventure-works.com,33803334-8C8C-40B1-9051-D4387589B0A9,2013-07-31 00:00:00.000
329,310,paul2@adventure-works.com,3915ABC3-47E2-4047-881C-1510DEB699DD,2013-05-30 00:00:00.000
331,311,gregory0@adventure-works.com,96168EBF-90C4-4922-9EED-6415DBEACB33,2012-06-30 00:00:00.000
333,312,jphillip0@adventure-works.com,8DAC0525-A30F-45E4-AF3B-22C83CF35AD2,2011-08-01 00:00:00.000
335,313,michelle0@adventure-works.com,29FBF24B-63B4-4731-BB17-537DE720BB61,2013-03-30 00:00:00.000
337,314,sean2@adventure-works.com,D65B2E5F-6567-47F7-AC21-4163D7AC1C7C,2013-06-30 00:00:00.000
339,315,phyllis0@adventure-works.com,88AC18A8-C662-480A-B24B-B52B64A8F2DE,2011-07-01 00:00:00.000
341,316,marvin0@adventure-works.com,CAA48DE1-5D59-4D98-B2B6-5AE08366ED9E,2011-10-31 00:00:00.000
343,317,michael10@adventure-works.com,523AD194-A667-4644-AFDA-7EAD19A435D7,2011-07-01 00:00:00.000
345,318,cecil0@adventure-works.com,74B366D6-481F-465D-8FDC-FB53D7DAAA8D,2011-07-01 00:00:00.000
347,319,oscar0@adventure-works.com,4BC67C56-116B-4F4A-B32C-0F4C2BC629B3,2011-07-01 00:00:00.000
349,320,sandra1@adventure-works.com,4BD80462-0E07-4D68-B805-338245A2BE9E,2013-07-31 00:00:00.000
351,321,selena0@adventure-works.com,74DD8D80-E47F-4CDB-A18D-97B54F77C926,2012-06-30 00:00:00.000
353,322,emilio0@adventure-works.com,10ADA530-92A6-4680-8D65-9D8B15533FA1,2013-07-31 00:00:00.000
355,323,maxwell0@adventure-works.com,84CAF920-8EA9-4208-9552-637404550F97,2011-07-01 00:00:00.000
357,324,mae0@adventure-works.com,3A9B8251-A882-4392-B106-73530EACE591,2013-06-30 00:00:00.000
359,325,ramona0@adventure-works.com,76B080B5-9147-4073-8489-83DBC1FA5523,2013-06-30 00:00:00.000
361,326,sabria0@adventure-works.com,4F871DEB-A31C-4292-9F48-A31F70D1A5E4,2011-08-01 00:00:00.000
363,327,hannah0@adventure-works.com,1494E1E1-65A0-4710-9A78-71DD94C6F918,2013-06-30 00:00:00.000
365,328,kyley0@adventure-works.com,6E691A1B-96E4-46FB-A773-614F311D478F,2012-05-30 00:00:00.000
367,329,tom1@adventure-works.com,E3A8667B-6F24-4313-920A-33DFD62239D7,2011-07-01 00:00:00.000
369,330,thomas1@adventure-works.com,252EC815-2CBF-4106-9106-9A4E082EC724,2011-07-01 00:00:00.000
371,331,john6@adventure-works.com,DB7CCD97-C4DD-4604-82F7-7B42219270BB,2011-07-01 00:00:00.000
373,332,chris3@adventure-works.com,DC055F41-D928-4B72-92B0-384E13DE858F,2013-06-30 00:00:00.000
375,333,teresa0@adventure-works.com,586BA8AD-063C-4F5C-A675-059909A95387,2011-08-01 00:00:00.000
377,334,john7@adventure-works.com,71EDBDB2-B11D-46E9-97C2-1A6B42A19E91,2013-06-30 00:00:00.000
379,335,robert2@adventure-works.com,5CF83863-7E84-4160-896A-E599F3239FE4,2013-07-31 00:00:00.000
381,336,stephen1@adventure-works.com,94191E08-8713-4406-836C-3E5A5842CFA7,2012-07-31 00:00:00.000
383,337,phillip0@adventure-works.com,7BB0C5A3-6B37-4672-B208-CA47B4530272,2013-07-31 00:00:00.000
385,338,daniel0@adventure-works.com,59827BC8-1740-4259-BCC7-049A6D28BE53,2012-07-31 00:00:00.000
387,339,cory0@adventure-works.com,EB4DE0C4-464F-4192-A8B5-EB5DE915B1C5,2011-10-31 00:00:00.000
389,340,james3@adventure-works.com,B97246AF-513F-493A-AC0F-CBB9A0CE490A,2012-08-30 00:00:00.000
391,341,douglas1@adventure-works.com,EBDC3445-54A8-4626-B921-7FAA37D100DA,2011-05-31 00:00:00.000
393,342,jennifer0@adventure-works.com,E817927A-FFED-43E4-8B6F-CDD6AE9EA124,2013-07-31 00:00:00.000
395,343,alberto0@adventure-works.com,1DAA5890-58DF-4DA9-9071-A40188E79BAF,2011-08-01 00:00:00.000
397,344,wayne0@adventure-works.com,0F6742F3-752D-43CB-9746-272DCF3B6CEC,2012-07-31 00:00:00.000
399,345,darrell0@adventure-works.com,B5C6A097-F895-49ED-BB79-10322EC4CF94,2011-08-01 00:00:00.000
401,346,angela1@adventure-works.com,B1F024E3-F9D9-4ACD-803B-FFAEF2655AC2,2012-05-30 00:00:00.000
403,347,david9@adventure-works.com,3A1DB6D9-44FC-4822-A1E7-EAB3AE7D5B29,2012-06-30 00:00:00.000
405,348,robert3@adventure-works.com,B693D948-5521-4F66-90EE-02766CB87ED9,2012-10-30 00:00:00.000
407,349,rebecca1@adventure-works.com,6ACDF9E8-3DAF-4A47-97C6-3407A00A7979,2013-07-31 00:00:00.000
409,350,brenda1@adventure-works.com,CD418690-5276-4A56-9016-9BF32F1F71FF,2013-06-30 00:00:00.000
411,351,josh0@adventure-works.com,4D99BDC6-BFE6-40BA-9CFC-00D866D67693,2011-07-01 00:00:00.000
413,352,adam0@adventure-works.com,C9EC82CF-300A-4256-AD0D-598439895A3C,2012-06-30 00:00:00.000
415,353,norma0@adventure-works.com,16E0EFD8-4AFA-4C7B-AB9B-D35E2AC03A57,2012-05-30 00:00:00.000
417,354,gytis0@adventure-works.com,90A3CD48-AD92-41A1-8EDD-578EACFD4675,2011-10-01 00:00:00.000
419,355,david10@adventure-works.com,91CF2122-ACAF-471D-BD56-0A8A9C7F95E5,2013-06-30 00:00:00.000
421,356,karel0@adventure-works.com,B9580626-73B7-4EC5-B519-7EF0EAF4243A,2012-06-30 00:00:00.000
423,357,ciro0@adventure-works.com,6940FBDC-8D53-48C6-8A59-FB6A8237624F,2012-06-30 00:00:00.000
425,358,glenna0@adventure-works.com,CAAC763C-D628-489F-8410-32C90A5CF2C9,2013-06-30 00:00:00.000
427,359,shaun0@adventure-works.com,C70C41DE-71A5-4582-A1FE-824CEB67543F,2012-06-30 00:00:00.000
429,360,john8@adventure-works.com,A6A56A90-AE6A-43EE-9904-C66EEB0D515B,2013-02-28 00:00:00.000
431,361,christopher1@adventure-works.com,C8388B26-AD5F-49F5-B70E-1C285C0E6F43,2012-07-31 00:00:00.000
433,362,bradley0@adventure-works.com,EDD978FC-009A-4235-9147-A57DF5912FBF,2012-06-30 00:00:00.000
435,363,benjamin1@adventure-works.com,B2BEA3AB-C27A-4BD1-8605-83B773742973,2013-06-30 00:00:00.000
437,364,ann0@adventure-works.com,2C28F02F-D685-438D-8AB9-3F388B768CE1,2011-07-01 00:00:00.000
439,365,shane1@adventure-works.com,43A1771C-4EDC-4B8F-AF13-783AFD569769,2011-05-31 00:00:00.000
441,366,stanley0@adventure-works.com,4D2270BE-A36E-452E-A7F2-BE1D16A71E68,2013-07-31 00:00:00.000
443,367,mason0@adventure-works.com,DFA3C226-CF4A-4A8A-8093-C1A9D7D28DB8,2013-07-31 00:00:00.000
445,368,john9@adventure-works.com,62C7004E-ECB6-4DEA-B4C6-630AF21D5755,2013-07-31 00:00:00.000
447,369,ido0@adventure-works.com,81059272-5988-4921-BB5E-DAD5580F8DF4,2011-05-31 00:00:00.000
449,370,edna0@adventure-works.com,4940CA16-7D57-41E5-9E25-411E4C1F7D05,2013-07-31 00:00:00.000
451,371,payton0@adventure-works.com,11944916-57C3-4484-A645-CEF9BB09C6BC,2011-10-01 00:00:00.000
453,372,max0@adventure-works.com,DD83853D-19A0-4A20-A5B7-707EEB14FB4A,2011-10-01 00:00:00.000
455,373,scot0@adventure-works.com,DE92A489-712F-4D53-B506-04F26FA29B81,2013-06-30 00:00:00.000
457,374,richard0@adventure-works.com,FE09DA8B-3599-440D-A568-DED3382AFEF2,2013-03-30 00:00:00.000
459,375,marian0@adventure-works.com,8C9EDC56-A4F5-4878-9611-7959CB4DB677,2011-07-01 00:00:00.000
461,376,karen2@adventure-works.com,CC5141EC-75E6-48E5-B1D1-45511F9DFADC,2012-05-30 00:00:00.000
463,377,alexander0@adventure-works.com,169A4D0C-1636-4B2A-9116-13B3922FDF0F,2013-07-31 00:00:00.000
465,378,john10@adventure-works.com,AD900E50-2385-451F-94A7-C940034E97F3,2011-07-01 00:00:00.000
467,379,kris0@adventure-works.com,4767E211-E183-49FD-8F4F-3175CEB7F658,2013-05-30 00:00:00.000
469,380,andreas1@adventure-works.com,ECFBA9E6-D95E-4605-8F76-09F325E92C25,2011-07-01 00:00:00.000
471,381,robert4@adventure-works.com,90FF79C6-183A-49BA-BCAD-5F561D4AE8D8,2012-07-31 00:00:00.000
473,382,matthias1@adventure-works.com,01840C91-38BC-4C99-BFDF-083120F4767B,2012-06-30 00:00:00.000
475,383,john11@adventure-works.com,BCBDF892-8CDC-4358-905F-541FCED5C5F2,2013-06-30 00:00:00.000
477,384,steven1@adventure-works.com,1A85AF95-5B5F-4FD0-A747-6F61489FC042,2011-08-01 00:00:00.000
479,385,chris4@adventure-works.com,B81A0F25-1BC6-4DA0-844A-B0C1D9942E1D,2013-07-31 00:00:00.000
481,386,mary3@adventure-works.com,0680584C-CB59-496C-A070-AA0B029A7136,2013-06-30 00:00:00.000
483,387,jimmy1@adventure-works.com,0A4DA8E4-7562-4529-8A9C-BC4EEE4E1208,2011-05-31 00:00:00.000
485,388,mary4@adventure-works.com,755362C6-0BB9-4782-B0FB-DF81E2754B8C,2011-05-31 00:00:00.000
487,389,mae1@adventure-works.com,7F510083-9DC0-438E-8047-9C45E12877A9,2011-05-31 00:00:00.000
489,390,jackie0@adventure-works.com,CDD5A4F6-E001-45FE-B178-DB1AC8DA5431,2013-06-30 00:00:00.000
491,391,donald0@adventure-works.com,AEF8F143-3F35-4587-ACA2-C45CEB814155,2012-07-31 00:00:00.000
493,392,linda4@adventure-works.com,546AF234-5160-48A2-AAC9-AC3B44D468D9,2011-07-01 00:00:00.000
495,393,michael11@adventure-works.com,F0E4FF0C-C741-44EF-91AC-297C92424F4E,2011-05-31 00:00:00.000
497,394,gabriel0@adventure-works.com,30112CC7-23F0-44E4-94B0-E6D8A9CD9D25,2011-07-01 00:00:00.000
499,395,michael12@adventure-works.com,FADF17A1-3D46-4BB0-BBDE-4CC4010AC700,2011-08-01 00:00:00.000
501,396,corinna0@adventure-works.com,5F4BD85E-5BD1-4D07-A467-ABB5D7315ADF,2013-07-31 00:00:00.000
503,397,luis0@adventure-works.com,1A4C9AA1-98CA-4DEC-B5F9-2F29989E46D1,2012-07-31 00:00:00.000
505,398,randall0@adventure-works.com,D9334E86-B1BA-4D86-B906-EE5A5DD65AC5,2012-07-31 00:00:00.000
507,399,stephanie1@adventure-works.com,15036426-09B4-45F2-B74A-B6F22151BCDC,2013-06-30 00:00:00.000
509,400,eli0@adventure-works.com,6629C7B2-BB6E-43C8-8940-6340A0D00AFD,2012-07-31 00:00:00.000
511,401,lester0@adventure-works.com,D88F358C-06E3-4740-BC2B-C2907B3E704E,2011-08-01 00:00:00.000
513,402,david11@adventure-works.com,72363CAA-C30E-40FF-B533-307C9E01DC91,2013-08-30 00:00:00.000
515,403,cornelius0@adventure-works.com,B83AEF72-60D1-4AE6-A505-64153C4155C9,2012-07-31 00:00:00.000
517,404,richard1@adventure-works.com,1FE1166E-FFCE-44D3-84E3-8DDB691D04A2,2011-05-31 00:00:00.000
519,405,sara0@adventure-works.com,969EC8FF-F253-4CC7-BD4A-048902989B4C,2011-08-01 00:00:00.000
521,406,ted0@adventure-works.com,FD107FF1-5C1E-415A-AA23-C09BA9BE6150,2011-07-01 00:00:00.000
523,407,alan1@adventure-works.com,ACE189FD-D306-42E4-A54B-905083BCEF75,2011-10-01 00:00:00.000
525,408,walter0@adventure-works.com,27C32C8C-0CF4-4341-8C47-6CD096CC7863,2012-07-31 00:00:00.000
527,409,christopher2@adventure-works.com,9ADEC703-28FB-429C-A31C-8BBB4D032733,2011-10-01 00:00:00.000
529,410,carol1@adventure-works.com,E8B13CE7-A34A-4F1F-A2CF-3116B68F07DF,2013-06-30 00:00:00.000
531,411,david12@adventure-works.com,36A5E748-2014-4C06-806C-DC40AD3822D6,2013-06-30 00:00:00.000
533,412,john12@adventure-works.com,80085EBD-FED2-4726-8ADF-8256294BF052,2012-05-30 00:00:00.000
535,413,willie0@adventure-works.com,65F9EA12-DFC5-4C75-AA95-63E18BD0DEB3,2011-10-01 00:00:00.000
537,414,carolee0@adventure-works.com,8233A877-D457-4F17-8EAC-3172733767A1,2013-05-30 00:00:00.000
539,415,jo2@adventure-works.com,4D76BE0E-2C22-4359-A8BC-FE874A4F5D77,2012-06-30 00:00:00.000
541,416,robert5@adventure-works.com,958EACE7-32FD-4050-9B44-3435A0D77709,2013-05-30 00:00:00.000
543,417,kevin3@adventure-works.com,2CDB04D4-FD40-47B8-9755-41CD38EA4C85,2011-08-01 00:00:00.000
545,418,mary5@adventure-works.com,7341F680-EA12-4832-9C12-AC40158B6EA0,2012-06-30 00:00:00.000
547,419,dave0@adventure-works.com,6778E67D-4CCA-4456-8A61-5EF26D7B665E,2012-05-30 00:00:00.000
549,420,bridget0@adventure-works.com,DE3ABAAF-05C9-4717-8285-48D9C1599D4F,2013-05-30 00:00:00.000
551,421,eric3@adventure-works.com,23801C83-BA3F-4683-A11F-296A6F208F29,2011-05-31 00:00:00.000
553,422,dick0@adventure-works.com,FFF11050-C770-4AC5-B638-4FCA1350A0B7,2013-06-30 00:00:00.000
555,423,michael13@adventure-works.com,69DE9C94-7D4E-449A-A354-2C3C2254C410,2012-06-30 00:00:00.000
557,424,shirley0@adventure-works.com,BE79D338-8D00-4D68-A54B-6C8DAC8AA6AB,2012-05-30 00:00:00.000
559,425,june0@adventure-works.com,3107E856-52D8-4422-8432-B3ACDE30E447,2012-07-31 00:00:00.000
561,426,dirk0@adventure-works.com,4EFE8878-48B8-477C-B5EF-28D7288BA4E1,2012-06-30 00:00:00.000
563,427,nancy1@adventure-works.com,0079A4A6-FAD9-4EB4-B032-A9DB9A233E63,2013-05-30 00:00:00.000
565,428,janainabarreirogambaro0@adventure-works.com,0B1F5256-54E8-45DA-B1CB-00B12268FEF3,2013-07-31 00:00:00.000
567,429,edward0@adventure-works.com,C1C85558-0D1B-4561-902A-B189EDA970A5,2012-05-30 00:00:00.000
569,430,megan0@adventure-works.com,8DC03E92-10D7-4567-B36F-83C2512FC01F,2012-05-30 00:00:00.000
571,431,ingrid0@adventure-works.com,0961CB20-1F87-40DD-A77C-EF08CB6A6ACC,2011-07-01 00:00:00.000
573,432,karren0@adventure-works.com,AD52FC38-84FE-402F-BEF3-30D0F4435DE4,2011-05-31 00:00:00.000
575,433,ovidiu1@adventure-works.com,844B43E0-0DE3-4D64-85E5-0E58C8C5F661,2012-07-31 00:00:00.000
577,434,dana0@adventure-works.com,99BBCA94-5E2A-473A-992D-4D73CB45FFD6,2013-07-31 00:00:00.000
579,435,timothy0@adventure-works.com,620A0819-4D12-404B-BF3D-8C90E8DAFB4D,2013-06-30 00:00:00.000
581,436,stephen2@adventure-works.com,EAC0FDB5-3DF1-48A3-90C2-736D7D2449B2,2013-06-30 00:00:00.000
583,437,deanna0@adventure-works.com,2B1BD62A-77C7-4B5A-BABE-C0A3F23B5E3C,2011-05-31 00:00:00.000
585,438,jared0@adventure-works.com,2FC78842-BB15-4327-96A8-3F91A9829B9D,2011-10-01 00:00:00.000
587,439,richard2@adventure-works.com,F87F2598-4920-4B81-90C7-A1FD53D12335,2013-07-31 00:00:00.000
589,440,david13@adventure-works.com,5B5DFCA3-321A-4ECA-A038-05AE872305AC,2012-05-30 00:00:00.000
591,441,ryan1@adventure-works.com,BB6C62F2-0AE4-4409-BB2C-E84156E5AB1D,2011-05-31 00:00:00.000
593,442,sylvia0@adventure-works.com,830E93E1-BCC1-4270-92F7-FE2EB35529EC,2012-09-30 00:00:00.000
595,443,mari0@adventure-works.com,711DC5C4-CF8E-41CA-AFF8-C2A2C3C8950E,2013-06-30 00:00:00.000
597,444,barbara2@adventure-works.com,7E6434B1-66D9-4EBE-B418-199C9506AF18,2012-06-30 00:00:00.000
599,445,lindsey0@adventure-works.com,F4CB1F35-C9C4-429A-A878-D4EF71A7FC00,2011-07-01 00:00:00.000
601,446,gustavo1@adventure-works.com,66BF78E5-B304-419C-84A5-886C2989C722,2012-06-30 00:00:00.000
603,447,deedee0@adventure-works.com,DD816E2B-CFE7-40B5-B036-FD3C0C24FD72,2012-06-30 00:00:00.000
605,448,deborah1@adventure-works.com,931A04FE-B87C-41A5-894C-E5012C046834,2012-05-30 00:00:00.000
607,449,joan0@adventure-works.com,3B70F538-9195-4B0F-9F33-50DE0694851E,2011-07-01 00:00:00.000
609,450,david14@adventure-works.com,B8860DE9-12E7-4D78-8B38-C463C48BE700,2012-09-30 00:00:00.000
611,451,henry0@adventure-works.com,69BA6E9D-F695-4806-BB78-C09BBA1FDCCE,2011-08-01 00:00:00.000
613,452,chris5@adventure-works.com,6F96BC4E-E9CD-4E60-8080-75B7FEF7F7AC,2013-05-30 00:00:00.000
615,453,joseph0@adventure-works.com,00883320-545C-4B1D-AFC2-04F420B7CCAB,2011-07-01 00:00:00.000
617,454,suzanadeabreu0@adventure-works.com,441D353D-65CA-4F84-A14E-88A8C5CB7F94,2013-07-31 00:00:00.000
619,455,jun1@adventure-works.com,D388A2ED-5A8C-4DFD-B903-2441499CA895,2012-09-30 00:00:00.000
621,456,johnny0@adventure-works.com,E86834ED-C0F2-4DEB-B2C7-38F789AD965C,2012-06-30 00:00:00.000
623,457,richard3@adventure-works.com,ED8ACE20-E4EF-4D34-A906-95D51A2E6CC0,2013-07-31 00:00:00.000
625,458,carlton0@adventure-works.com,6E8A7358-FC7B-4A3B-A9E8-5D1F3ED32ABE,2013-07-31 00:00:00.000
627,459,tyloren0@adventure-works.com,A9EF5036-C6CF-4AD5-BF20-7EC49F9390D7,2012-06-30 00:00:00.000
629,460,jane0@adventure-works.com,9E0A4630-E9CD-417B-BA23-04200CE0DBC1,2013-05-30 00:00:00.000
631,461,jovita0@adventure-works.com,13C078B7-2E80-43B6-B82F-D35BE4B37681,2011-08-01 00:00:00.000
633,462,steve1@adventure-works.com,2FDEBCC9-90D4-4B71-A44A-31D8EC36D6E7,2012-06-30 00:00:00.000
635,463,fernando0@adventure-works.com,D4CF5445-963B-4F4B-B2BA-41E2D79F854D,2013-05-30 00:00:00.000
637,464,rob2@adventure-works.com,7312EA32-D192-40D3-928E-CA29600B19BC,2012-07-31 00:00:00.000
639,465,andy1@adventure-works.com,B9AAB182-F608-4E34-840C-E7CAC5949F26,2012-05-30 00:00:00.000
641,466,donna0@adventure-works.com,5191D2CA-DAA9-4328-87B9-C43005EB7410,2011-08-01 00:00:00.000
643,467,rosmarie0@adventure-works.com,95414A0A-43C9-4D9E-9E7F-4FC20821001D,2013-07-31 00:00:00.000
645,468,matthew0@adventure-works.com,9C578E02-88A5-45DB-AD68-8CDB6E60D3AD,2012-06-30 00:00:00.000
647,469,joseph1@adventure-works.com,00613AFF-E8D3-4DA2-A83E-9F118D1D9189,2011-08-01 00:00:00.000
649,470,pamela1@adventure-works.com,65CDDD00-22F7-4A42-A887-9C4CD7D4AE96,2012-06-30 00:00:00.000
651,471,raul0@adventure-works.com,05A578E2-31DB-401E-9F96-FEFC65A87EFE,2013-05-30 00:00:00.000
653,472,elizabeth1@adventure-works.com,7414A0B8-0BB9-4325-B138-8166E5260632,2011-08-01 00:00:00.000
655,473,matthew1@adventure-works.com,FC79F408-8CEF-43D1-A010-EA0ED7ED5F50,2013-06-30 00:00:00.000
657,474,brigid0@adventure-works.com,EF5467AC-7915-4A1D-B062-448FFF3230F4,2012-07-31 00:00:00.000
659,475,andrew2@adventure-works.com,C88ABEB8-1CD8-47DB-8B7F-185DE12949CC,2013-07-31 00:00:00.000
661,476,stacey0@adventure-works.com,70D5201A-C170-4CBF-8497-E1997CC9E9EF,2011-05-31 00:00:00.000
663,477,baris1@adventure-works.com,81710B3B-0D8D-4E78-B3E1-75AEB11413FF,2012-05-30 00:00:00.000
665,478,sean3@adventure-works.com,CF5C9AB9-A699-4EAD-8130-84F7A62761D2,2013-05-30 00:00:00.000
667,479,pat1@adventure-works.com,B688A9AC-425C-49AB-9D40-9ACE802A309C,2011-08-01 00:00:00.000
669,480,forrest0@adventure-works.com,AED77E2E-9A0C-4F3C-92D0-B177C2E0DE7C,2013-05-30 00:00:00.000
671,481,lee0@adventure-works.com,27637514-6A45-464E-8B0D-F530E870E79E,2011-08-01 00:00:00.000
673,482,greg1@adventure-works.com,31525220-8967-4DDF-9331-3A4C471E26E4,2012-05-30 00:00:00.000
675,483,neil0@adventure-works.com,CB249B5E-815F-468A-9AED-4181F463CE7F,2013-07-31 00:00:00.000
677,484,hao1@adventure-works.com,47266BD0-1A0A-4169-87DC-8739C1A6DA8B,2011-07-01 00:00:00.000
679,485,john13@adventure-works.com,CDAE40B3-F181-4BE2-8F08-F7A8D19CD26E,2011-08-01 00:00:00.000
681,486,pei0@adventure-works.com,07E285F3-1734-4402-A163-AB6249052164,2013-07-31 00:00:00.000
683,487,yao-qiang0@adventure-works.com,CA26875A-C30B-49B9-8F60-7D051ADE4954,2012-05-30 00:00:00.000
685,488,nicky0@adventure-works.com,31215CFA-808C-4759-A804-F90CA6F7DBE4,2011-08-01 00:00:00.000
687,489,susan2@adventure-works.com,8C584907-8D35-46F6-9FF4-DE69BDE89F2B,2013-05-30 00:00:00.000
689,490,martin0@adventure-works.com,A5AD899A-D370-4DC2-8889-EF7DA4332C26,2013-06-30 00:00:00.000
691,491,mike1@adventure-works.com,31731A93-701F-40B9-8F55-FE4444DA7A78,2012-05-30 00:00:00.000
693,492,ruth1@adventure-works.com,3EA09518-0882-45AA-8B74-96495CF2F50F,2011-08-01 00:00:00.000
695,493,anthony0@adventure-works.com,D9425037-08DE-4289-AA00-42C335918C2B,2013-07-31 00:00:00.000
697,494,charles1@adventure-works.com,FE6F3478-69F8-447A-A7C3-2653CC620189,2011-05-31 00:00:00.000
699,495,jill1@adventure-works.com,20865451-45F1-4C0E-A376-F73699D6E81A,2012-06-30 00:00:00.000
701,496,alice1@adventure-works.com,C3FEDCAE-F9B7-4AF4-BADF-B1DC6E9A4E0E,2012-07-31 00:00:00.000
703,497,gina0@adventure-works.com,6F865B9D-0A71-499E-86ED-F0F54708C4CC,2011-07-01 00:00:00.000
705,498,james4@adventure-works.com,8A4FF534-10DF-41B7-A20B-BED60578EFAC,2013-06-30 00:00:00.000
707,499,jane1@adventure-works.com,FA30EE2D-1321-47EA-8695-4278DB59F339,2013-06-30 00:00:00.000
709,500,kristine0@adventure-works.com,0C5F176A-27D4-4142-AD39-1ED64232C72C,2012-06-30 00:00:00.000
711,501,teanna0@adventure-works.com,569B0B14-DF2E-4172-8B50-68B827A91888,2013-06-30 00:00:00.000
713,502,connie0@adventure-works.com,6E399F18-F61C-4454-B55C-E1499A100624,2011-10-01 00:00:00.000
715,503,jeanette0@adventure-works.com,03824C0B-87B8-4FC5-93C4-B7402FB494E3,2011-10-31 00:00:00.000
717,504,eric4@adventure-works.com,092645E2-34A4-4652-996D-A725B35684A8,2013-05-30 00:00:00.000
719,505,pat2@adventure-works.com,1523FFAC-477C-448A-A182-75EC1CFA4A50,2013-05-30 00:00:00.000
721,506,takiko0@adventure-works.com,AF29A1A5-298C-497E-B8D7-6E7C8DD36D45,2011-05-31 00:00:00.000
723,507,john14@adventure-works.com,2D4BC293-7111-453E-95CE-0522C3C02C0B,2011-08-01 00:00:00.000
725,508,scott1@adventure-works.com,420CCED7-3E45-462F-8618-6CC6F6D0F79C,2011-10-31 00:00:00.000
727,509,aaron0@adventure-works.com,6A6E9137-EEAC-4357-9456-3232AD3AE4D2,2011-07-01 00:00:00.000
729,510,peter2@adventure-works.com,DFE44A6C-05CA-4374-AB71-564DB6965A0D,2013-07-31 00:00:00.000
731,511,william1@adventure-works.com,51141150-2FA1-4109-85C0-D8CC8094B813,2012-06-30 00:00:00.000
733,512,stephanie2@adventure-works.com,BDD1768E-F65A-43C7-962E-F8D0E36C8F96,2012-07-31 00:00:00.000
735,513,amy2@adventure-works.com,C7F630E4-4471-4B8B-BDC1-F558ADB0A034,2013-05-30 00:00:00.000
737,514,dorothy0@adventure-works.com,D6DB8AB7-496D-4804-A9EC-F148A56813D2,2011-07-01 00:00:00.000
739,515,patrick2@adventure-works.com,E5F94A8A-BD9A-4B67-B7D3-886D8C5B85E2,2011-08-01 00:00:00.000
741,516,scott2@adventure-works.com,8D77ED5E-0EC0-484E-8B00-E01572EB0057,2011-08-31 00:00:00.000
743,517,eva0@adventure-works.com,657AE070-3549-4AFA-A054-12D88060F908,2012-05-30 00:00:00.000
745,518,marlin0@adventure-works.com,56592B96-047F-4BA6-A4AD-CB2DA2FD3459,2012-06-30 00:00:00.000
747,519,ryan2@adventure-works.com,3927A094-F872-46B3-997B-6C80026CD84E,2013-07-31 00:00:00.000
749,520,bruno0@adventure-works.com,F659A02E-7F8C-4D10-99D8-9A5FCDA79E29,2011-07-01 00:00:00.000
751,521,pamela2@adventure-works.com,87EABF21-EF34-4A68-9647-2C014C133BCF,2011-08-01 00:00:00.000
753,522,jack2@adventure-works.com,1BC39E48-FD9A-42B7-824D-A9EF14659792,2011-08-01 00:00:00.000
755,523,sharon1@adventure-works.com,0C2FDB99-EC44-48DD-9E85-2A5D4EBC7AE5,2013-06-30 00:00:00.000
757,524,shelley1@adventure-works.com,CE8F6FC3-91C4-4FF7-906D-7191964E093B,2013-07-31 00:00:00.000
759,525,grant1@adventure-works.com,5CC17140-78BC-4F34-9746-D76F536E2F48,2011-07-01 00:00:00.000
761,526,scott3@adventure-works.com,4050C06B-5B2F-4291-BCAA-E67E30519EFB,2012-05-30 00:00:00.000
763,527,conor0@adventure-works.com,86708706-8382-44FF-8607-CF0D349950AF,2011-08-01 00:00:00.000
765,528,jose2@adventure-works.com,66D45807-6F04-4B87-9E7F-CA8F381BB8E2,2012-06-30 00:00:00.000
767,529,thierry1@adventure-works.com,6CFCA890-CD16-4614-AEE2-FBB1A686B48D,2012-05-30 00:00:00.000
769,530,ryan3@adventure-works.com,B616AC71-006E-491C-AE26-3377F93B6491,2013-05-30 00:00:00.000
771,531,mike2@adventure-works.com,C6BD656B-3031-4632-AD60-16935AC27FAF,2013-05-30 00:00:00.000
773,532,megan1@adventure-works.com,F32021B4-7217-4FFA-810E-5336DCDA3AEE,2013-07-31 00:00:00.000
775,533,alvaro0@adventure-works.com,51492AB9-854E-42C2-9158-F1C7B01EB5ED,2012-07-31 00:00:00.000
777,534,jose3@adventure-works.com,5B68B7E5-9900-4BD6-9052-7560D1D3E448,2012-04-30 00:00:00.000
779,535,jacob0@adventure-works.com,87B9914A-17F8-4400-8669-DAAB6D4A00FD,2011-07-01 00:00:00.000
781,536,alexander1@adventure-works.com,D1B89D58-7507-4974-8514-500EA75EF0CC,2012-06-30 00:00:00.000
783,537,barbara3@adventure-works.com,9E12F0BA-3EAF-456B-B275-B41FF5BE39D6,2013-07-31 00:00:00.000
785,538,kirk1@adventure-works.com,9DBCF4D2-6FE1-4346-9606-CC53DC2AE5A6,2012-07-31 00:00:00.000
787,539,aidan0@adventure-works.com,05A9EF1A-C69F-46CF-B8F1-9EE64BDD532C,2011-08-01 00:00:00.000
789,540,stefan0@adventure-works.com,DE72FA89-8B93-4744-9DFB-1CC720428B16,2011-07-01 00:00:00.000
791,541,shawn0@adventure-works.com,15355F8F-25AC-41D0-8C61-D17B1429463C,2012-05-30 00:00:00.000
793,542,della0@adventure-works.com,803760C1-A898-46E2-984D-88539A80BDE3,2011-07-01 00:00:00.000
795,543,bruno1@adventure-works.com,4A1AE780-DC97-4473-A85E-DC2839E069B3,2013-06-30 00:00:00.000
797,544,helen0@adventure-works.com,50DC0208-334A-4BF8-96B5-47A47EE9CCDC,2012-07-31 00:00:00.000
799,545,prashanth0@adventure-works.com,6B9EA1C2-B224-420A-AFD0-7E00DBAE8138,2011-08-01 00:00:00.000
801,546,bev0@adventure-works.com,561B0FF5-3634-4AC6-AE8E-21556F39504C,2012-07-31 00:00:00.000
803,547,brenda2@adventure-works.com,76EF71BE-93F7-478A-B570-A8C5F01479BE,2011-08-01 00:00:00.000
805,548,gabriele0@adventure-works.com,C1619D1F-8E4F-4CDD-8D6F-E4C4A5FCEE43,2011-08-01 00:00:00.000
807,549,holly0@adventure-works.com,6C292D65-ADB1-431F-A4E5-169A8C1F2CBD,2012-06-30 00:00:00.000
809,550,dick1@adventure-works.com,A10C24B8-E211-4600-8EBB-79D37B352A85,2013-06-30 00:00:00.000
811,551,rudolph0@adventure-works.com,14711F3C-207B-4D54-945D-861E2E95725F,2011-08-01 00:00:00.000
813,552,andrew3@adventure-works.com,C42602A5-5C86-4B8D-B91A-87B1237D9CE6,2011-08-01 00:00:00.000
815,553,blaine0@adventure-works.com,BA4C4783-4971-432A-8D47-52C7C032B1FC,2011-07-01 00:00:00.000
817,554,cindy0@adventure-works.com,22D09AC8-6A0C-4DAF-B676-7C12AE8AEE4A,2011-07-01 00:00:00.000
819,555,john15@adventure-works.com,2056F614-FF99-4D70-8BAD-7FA60F9C5A9C,2011-05-31 00:00:00.000
821,556,patricia0@adventure-works.com,2286B913-D4A9-4200-84AF-0CDC8909053A,2012-09-30 00:00:00.000
823,557,gerald0@adventure-works.com,3C3C474F-0632-471C-8A63-A6EB00579453,2013-07-31 00:00:00.000
825,558,gary2@adventure-works.com,74E9B93D-9D6D-4BFF-9847-0F8EBD33C6A0,2011-08-01 00:00:00.000
827,559,reuben1@adventure-works.com,A4E45EDF-D67F-4DA6-BBB9-A8813CB14E42,2011-08-01 00:00:00.000
829,560,ed1@adventure-works.com,E38768CD-68B3-45D1-8F38-E91666B26781,2013-06-30 00:00:00.000
831,561,bernard0@adventure-works.com,D0F74948-35D1-4CA3-B2BE-BDA5E190B020,2011-07-01 00:00:00.000
833,562,tish0@adventure-works.com,4119DABE-3A68-47A2-9ABE-29390B6F38B3,2013-06-30 00:00:00.000
835,563,adrian0@adventure-works.com,962D7D00-A553-4B32-A541-CA10D6202F28,2012-10-30 00:00:00.000
837,564,bart0@adventure-works.com,DE63F0E0-8BD9-480D-A17A-D3CED571DECD,2013-06-30 00:00:00.000
839,565,maciej1@adventure-works.com,F6C87F71-F234-4403-8985-BDE6D81380E8,2011-10-01 00:00:00.000
841,566,shelley2@adventure-works.com,291E5782-3C82-42C1-A3DA-FE77ECB7FF06,2014-01-29 00:00:00.000
843,567,linda5@adventure-works.com,C5BD4F4C-6F67-4C15-AF3B-C29017A3A445,2012-10-30 00:00:00.000
845,568,carla1@adventure-works.com,1AD0EBB4-E3A5-4FD9-A31D-B8E17242AF27,2011-07-01 00:00:00.000
847,569,carol2@adventure-works.com,8F184650-EDE7-4442-8C12-265D15F2B5BE,2012-06-30 00:00:00.000
849,570,shannon0@adventure-works.com,A7AAA28F-C491-40D9-8414-AD0C6A957C63,2011-08-01 00:00:00.000
851,571,jauna0@adventure-works.com,2AC1200F-33EF-463C-851A-1259A007E777,2011-05-31 00:00:00.000
853,572,michael14@adventure-works.com,4C1CAF6A-67FA-4534-B3F5-FFD12AF86717,2013-07-31 00:00:00.000
855,573,terry1@adventure-works.com,12D54873-51A9-4FE5-B6C0-37839823AB92,2013-07-31 00:00:00.000
857,574,john16@adventure-works.com,914BEA31-18F7-4FDA-BDD0-6C32BD9B1EF4,2013-05-30 00:00:00.000
859,575,gail1@adventure-works.com,88CCE23E-BF1A-410D-A311-E164B416B134,2013-07-31 00:00:00.000
861,576,mark2@adventure-works.com,5DD7A8BD-5643-4E29-962F-ABE936A000C5,2012-07-31 00:00:00.000
863,577,martha0@adventure-works.com,5F159D55-95B7-42F6-BCA2-92988A48729C,2011-08-01 00:00:00.000
865,578,julie0@adventure-works.com,D7B6071F-852F-4926-956A-6E3C1B336ECD,2012-12-31 00:00:00.000
867,579,janeth1@adventure-works.com,76372934-B9B2-465E-8040-C7BC9C29B06E,2013-07-31 00:00:00.000
869,580,twanna0@adventure-works.com,B7DF62B1-FC82-4863-A3AE-457C221AAE2C,2011-07-01 00:00:00.000
871,581,ann1@adventure-works.com,0D38D65C-BA52-4A84-8370-D22BA0B6EA9D,2012-07-31 00:00:00.000
873,582,john17@adventure-works.com,1B245137-8D4A-44F4-BED7-69C8A814B30C,2012-05-30 00:00:00.000
875,583,marc1@adventure-works.com,57C785AC-A552-4B30-8060-20D0EF510E92,2013-05-30 00:00:00.000
877,584,fadi1@adventure-works.com,276EEEB6-345D-49AA-9BD5-9634B52ECF4A,2011-08-01 00:00:00.000
879,585,carolyn0@adventure-works.com,F0A8294C-4F2F-4D1C-9B65-E878F3F50DDC,2011-05-31 00:00:00.000
881,586,geri0@adventure-works.com,919EDAAC-6A6E-4D57-8BFA-E43F1751FF71,2011-08-01 00:00:00.000
883,587,hanying1@adventure-works.com,ECC402BA-16BB-4DB5-AFC5-F4C8A3FFC755,2011-07-01 00:00:00.000
885,588,rhoda0@adventure-works.com,31CE8B2A-10CE-4E1A-BC8D-8A1A1CA77255,2012-07-31 00:00:00.000
887,589,duane0@adventure-works.com,9BD395EC-7090-4295-BCF2-E08FA05F4B8D,2013-05-30 00:00:00.000
889,590,james5@adventure-works.com,FBDCC58F-D09C-44C2-A7C7-3E5F9037BC26,2013-09-30 00:00:00.000
891,591,kathie1@adventure-works.com,B8EADFB8-DB97-432E-B89E-29DBE654A77B,2012-06-30 00:00:00.000
893,592,jay2@adventure-works.com,9A480A02-3920-4E9B-8DDD-78A95597C72B,2014-05-01 00:00:00.000
895,593,kelly0@adventure-works.com,542C280F-94A5-4F71-8550-1E7007C3DAFD,2011-08-01 00:00:00.000
897,594,jeffrey1@adventure-works.com,9CE18956-5AC4-4C26-95F3-AD8B7CBA040F,2011-10-01 00:00:00.000
899,595,garth0@adventure-works.com,112EDC7C-A165-49F5-9248-4E66A703B498,2011-07-01 00:00:00.000
901,596,dorothy1@adventure-works.com,5F4BC4F4-100F-4589-89FD-FFFA451C741F,2012-07-31 00:00:00.000
903,597,judith0@adventure-works.com,2261410A-39AB-4453-933A-9AC17B4BD815,2011-05-31 00:00:00.000
905,598,john18@adventure-works.com,F8BE3959-E878-40C4-8742-AA3D80E61E72,2013-07-31 00:00:00.000
907,599,susan3@adventure-works.com,D84BE200-2586-41E1-B936-46DE218AD308,2011-05-31 00:00:00.000
909,600,liam0@adventure-works.com,3D8788E7-F9C9-48DC-92A8-B9D6F87E3DBD,2013-07-31 00:00:00.000
911,601,mihail1@adventure-works.com,6A96CE1A-767B-4079-81E2-153DBDB5FD89,2012-07-31 00:00:00.000
913,602,john19@adventure-works.com,930AD741-6A8C-4EF2-B7A2-B2E76C9B1C73,2011-07-01 00:00:00.000
915,603,paul3@adventure-works.com,8A4AC943-56A9-46A1-A49F-42532A6BA98B,2012-06-30 00:00:00.000
917,604,don1@adventure-works.com,8B6B2A4A-0738-45BF-9995-9B555F4D6D82,2013-07-31 00:00:00.000
919,605,bob1@adventure-works.com,259FDB82-41ED-42CF-AFA5-297E75A9BB91,2012-12-31 00:00:00.000
921,606,aldeen0@adventure-works.com,CF8FA5BB-4698-4215-A7DD-E812DDD8D3C4,2013-08-30 00:00:00.000
923,607,michael15@adventure-works.com,B6556DBD-274A-410C-BB1B-22511DEFA1AC,2011-12-01 00:00:00.000
925,608,jon0@adventure-works.com,A1691F5C-E687-4A7D-933E-E43154F08D0E,2011-08-01 00:00:00.000
927,609,kathleen0@adventure-works.com,39201DCD-75AC-41A4-925E-3A77B0131309,2012-07-31 00:00:00.000
929,610,dominic0@adventure-works.com,54B52BCD-8DDB-4892-B406-DE0FC204AA3B,2012-05-30 00:00:00.000
931,611,janet1@adventure-works.com,181D5B28-2AA5-4B97-886B-1D113E98FD6D,2012-05-30 00:00:00.000
933,612,orlando0@adventure-works.com,28D90DFD-C72A-4CD4-8D15-B7EFDA8EAE85,2011-07-01 00:00:00.000
935,613,darren0@adventure-works.com,62B73F51-45B9-4C4A-A960-1BEDD0125DEC,2011-07-01 00:00:00.000
937,614,jim1@adventure-works.com,CE489F4D-BDDD-4372-B6B3-69D028FB306C,2012-07-31 00:00:00.000
939,615,barbara4@adventure-works.com,0E583F69-7F86-43DD-9402-46534CAE5BEA,2013-05-30 00:00:00.000
941,616,tom2@adventure-works.com,F22731B0-4E66-4121-ACFD-9A401C831922,2013-06-30 00:00:00.000
943,617,leo0@adventure-works.com,17FEE375-C8FD-4DB7-B1F2-91798DDB4D17,2012-05-30 00:00:00.000
945,618,cornett0@adventure-works.com,B98063B8-86D7-4F0E-B88A-000AB6C0638A,2013-06-30 00:00:00.000
947,619,frances1@adventure-works.com,A0A14B25-6BF2-45FE-9450-21786648532A,2012-06-30 00:00:00.000
949,620,guy0@adventure-works.com,5B39DCF3-3B4D-4A0B-B442-CDC2103342B7,2012-07-31 00:00:00.000
951,621,janet2@adventure-works.com,A145E4FE-ABBD-431D-B935-FA10613D4561,2012-05-30 00:00:00.000
953,622,mary6@adventure-works.com,A4F8B408-79E4-48AB-B514-E58AC6EA0442,2012-05-30 00:00:00.000
955,623,david15@adventure-works.com,7D29DFB1-6C73-4670-A3C3-42C39A098C70,2011-10-31 00:00:00.000
957,624,jeanie0@adventure-works.com,57AF4616-F580-40FC-83E9-102CD01FCF98,2012-06-30 00:00:00.000
959,625,diane3@adventure-works.com,8EC1045A-1112-4602-A1C2-5D4827F1A0B7,2011-10-01 00:00:00.000
961,626,james6@adventure-works.com,3C8FA1A8-179E-492E-BE18-B95444553FC4,2012-06-30 00:00:00.000
963,627,scott4@adventure-works.com,17297BDA-30E9-4790-A014-9AEF5921CA42,2011-07-01 00:00:00.000
965,628,mete0@adventure-works.com,A0DF17BC-6469-425D-A44D-19C88F3B83F6,2011-10-31 00:00:00.000
967,629,jossef1@adventure-works.com,386D9622-85B8-46A2-BFE6-49D6945920C0,2013-05-30 00:00:00.000
969,630,brian4@adventure-works.com,BB22A850-103D-4F18-85A7-98DE99496873,2011-07-01 00:00:00.000
971,631,lynn1@adventure-works.com,9F8CDCF7-8B57-43C6-86E7-EE769691AE40,2013-06-30 00:00:00.000
973,632,linda6@adventure-works.com,787CE760-26AD-40A0-A39A-BD5A9B6B4A91,2011-07-01 00:00:00.000
975,633,abigail0@adventure-works.com,374F9C1F-B795-4316-B0E1-79F5F7D9F97C,2012-06-30 00:00:00.000
977,634,michael16@adventure-works.com,C04CB919-42F4-410A-A9EF-C0B8FAF5EC66,2012-07-31 00:00:00.000
979,635,derek0@adventure-works.com,277AC364-C2D8-494A-98F6-F3FBC35D5C56,2011-07-01 00:00:00.000
981,636,lowell0@adventure-works.com,50C894B5-101F-4E0C-A2B7-C19AC1EF7B4C,2012-05-30 00:00:00.000
983,637,jon1@adventure-works.com,0BAB74C6-A09A-404F-93C8-864ECF0B29A7,2013-07-31 00:00:00.000
985,638,jane2@adventure-works.com,355FF235-9EAA-4399-9904-98CC79B08E09,2012-06-30 00:00:00.000
987,639,geoff0@adventure-works.com,F1DF39CD-364E-4006-8E51-EAE688F63F7B,2012-06-30 00:00:00.000
989,640,douglas2@adventure-works.com,0F504C7B-6516-4C12-A660-26F335027A8D,2013-07-31 00:00:00.000
991,641,brian5@adventure-works.com,968A85E6-26A8-40AB-83BA-62CD832679CE,2012-06-30 00:00:00.000
993,642,faith0@adventure-works.com,B577A696-4B4B-4FBD-BBB8-572D48EF9CC5,2013-07-31 00:00:00.000
995,643,greg2@adventure-works.com,186B4440-23D4-4808-A293-B5C55B98E667,2013-08-30 00:00:00.000
997,644,hattie0@adventure-works.com,5C5CFE67-7F3F-4646-B226-43C4EB5B9A9B,2011-08-01 00:00:00.000
999,645,matthew2@adventure-works.com,7E6156E5-3563-49E8-AF70-322239D238DA,2013-07-31 00:00:00.000
1001,646,erin1@adventure-works.com,84477C16-2CD0-456C-9127-1AAB2CCC732C,2012-05-30 00:00:00.000
1003,647,betty0@adventure-works.com,B1299190-89A8-4388-AAD7-7B85E46AC83C,2013-07-31 00:00:00.000
1005,648,karen3@adventure-works.com,6EF99C04-7859-47DC-983D-3082837A3038,2013-05-30 00:00:00.000
1007,649,don2@adventure-works.com,EAFE72EF-77BF-4FC9-97FF-FC5E9DBEA246,2013-06-30 00:00:00.000
1009,650,bryan2@adventure-works.com,A7AF3527-1F76-4D26-92CC-FDF837554AE0,2011-07-01 00:00:00.000
1011,651,james7@adventure-works.com,C3E52046-6EDA-49A1-AEAE-6D4DB5353B1E,2011-10-31 00:00:00.000
1013,652,kerim0@adventure-works.com,B8FC4E02-E559-406B-85CE-46D46AF3CCA4,2012-07-31 00:00:00.000
1015,653,jean1@adventure-works.com,2FBE9692-0400-4B28-B6F4-D35AF02D7D05,2011-08-01 00:00:00.000
1017,654,mark3@adventure-works.com,5677993E-0D0E-4D94-84CC-4B8D8C244D48,2011-05-31 00:00:00.000
1019,655,william2@adventure-works.com,6C34BC69-74F0-4A13-9082-254E0E4CEF92,2013-07-31 00:00:00.000
1021,656,katherine0@adventure-works.com,602A0511-4623-4D8B-BA06-7D82837F690C,2011-07-01 00:00:00.000
1023,657,kimberly1@adventure-works.com,8255C1AF-8ED7-4716-9B19-053EF75D94B2,2013-06-30 00:00:00.000
1025,658,lucy0@adventure-works.com,B93FF504-2183-4333-9C70-F8AD45A6E5C1,2012-07-31 00:00:00.000
1027,659,keith0@adventure-works.com,6FB3486F-B4E2-4B44-823E-42A92A5ECBDC,2012-06-30 00:00:00.000
1029,660,doris1@adventure-works.com,7EF31A5D-0623-4A85-95DB-F7020DE77CD5,2013-06-30 00:00:00.000
1031,661,roger0@adventure-works.com,8DCCA37D-96F3-4261-9505-13FA09B726AD,2011-07-01 00:00:00.000
1033,662,ann2@adventure-works.com,AFB6B81D-8B48-4FFB-B425-7988EC2FA3E2,2012-06-30 00:00:00.000
1035,663,mark4@adventure-works.com,F6E6CF11-AB54-469F-9D07-FABC15A47039,2013-05-30 00:00:00.000
1037,664,neal0@adventure-works.com,DB9D63B8-4794-4CCE-8742-CB2160DEA530,2013-07-31 00:00:00.000
1039,665,james8@adventure-works.com,0D65083C-97E6-4843-9C95-8B829D295A71,2012-07-31 00:00:00.000
1041,666,jeff1@adventure-works.com,42667CC3-BE41-432E-B16C-CF1E863E4EE9,2013-07-31 00:00:00.000
1043,667,brenda3@adventure-works.com,32AB1FD2-5456-4B0E-B218-59CE73C065E5,2011-05-31 00:00:00.000
1045,668,james9@adventure-works.com,EAF1FB3D-C9E8-4B41-90E4-7E9381D3C449,2011-05-31 00:00:00.000
1047,669,john20@adventure-works.com,34EDCB79-FC92-4B24-80A9-D4C2F92522FE,2012-08-30 00:00:00.000
1049,670,valerie0@adventure-works.com,CFF6709C-7796-4EDE-9E6D-6ADAFDAADE30,2011-05-31 00:00:00.000
1051,671,jay3@adventure-works.com,7D6267BB-FCF1-4A39-8F8C-B1A583830178,2012-06-30 00:00:00.000
1053,672,jeff2@adventure-works.com,35697D9D-E314-4917-B371-913F5EC23BF0,2013-05-30 00:00:00.000
1055,673,kari0@adventure-works.com,85EFDF5E-DC41-4DF3-B166-1C3FC57AC128,2011-07-01 00:00:00.000
1057,674,deena0@adventure-works.com,DF5F3A28-C7C3-4E58-A13A-CF003B5CAFB0,2013-06-30 00:00:00.000
1059,675,irene0@adventure-works.com,7500B862-3369-4AEA-ADA4-9E8F318E8FBD,2014-05-01 00:00:00.000
1061,676,jésus0@adventure-works.com,9FBBFAF1-9311-46F1-95FF-94DC3BAE06BF,2012-07-31 00:00:00.000
1063,677,pam0@adventure-works.com,EFB31570-E5CD-4123-8563-A400EBB279A8,2012-07-31 00:00:00.000
1065,678,cheryl0@adventure-works.com,9CE1C9FC-3C95-4B41-8C89-ED9785E27351,2011-08-01 00:00:00.000
1067,679,ronald1@adventure-works.com,A97E1133-AB33-4672-8EFC-DE6482ED4FD8,2012-06-30 00:00:00.000
1069,680,sidney1@adventure-works.com,30AB5855-20CF-41DC-8603-D264E39FF5EB,2012-06-30 00:00:00.000
1071,681,onetha0@adventure-works.com,FBE5984A-937B-45A7-B258-FC9C8E980814,2013-05-30 00:00:00.000
1073,682,fran0@adventure-works.com,CCFA52FA-5B49-4A36-89BE-E545652CC53A,2012-07-31 00:00:00.000
1075,683,geneva0@adventure-works.com,C77B00DA-E010-43C4-813B-5CFBE5684800,2013-07-31 00:00:00.000
1077,684,andrew4@adventure-works.com,0F08E532-8AEA-4758-B155-BE712B2F20D1,2013-07-31 00:00:00.000
1079,685,reinout1@adventure-works.com,CDC411B7-C2A0-43DE-AAC0-6E4180BC18FE,2013-07-31 00:00:00.000
1081,686,mike3@adventure-works.com,6518F556-10CB-4AC7-9515-9D39A056F61E,2011-08-01 00:00:00.000
1083,687,matthew3@adventure-works.com,C3DDF248-3599-4932-A1A7-336AD34F5887,2013-07-31 00:00:00.000
1085,688,nancy2@adventure-works.com,E4FD988D-A610-4898-A7C9-7A4B09EC19D0,2011-05-31 00:00:00.000
1087,689,rose0@adventure-works.com,06434FFB-4180-466B-9E81-BBB0F6844AEC,2013-06-30 00:00:00.000
1089,690,douglas3@adventure-works.com,83EB578E-674B-42EF-A8D2-3CB7320B2ABF,2011-07-01 00:00:00.000
1091,691,david16@adventure-works.com,916347FE-E203-487A-8A00-3D8A282677BB,2012-07-31 00:00:00.000
1093,692,helge0@adventure-works.com,B21AAE1A-8C8C-4767-871C-E717483A6D67,2013-06-30 00:00:00.000
1095,693,barbara5@adventure-works.com,B60E7D2A-852F-44AF-9E64-2097C933DBB2,2011-05-31 00:00:00.000
1097,694,holly1@adventure-works.com,D64F0D9B-311F-45AC-AC7B-7B330D254E26,2013-05-30 00:00:00.000
1099,695,bob2@adventure-works.com,8BFF2882-0BFE-4F64-B5E8-D2630224E110,2013-05-30 00:00:00.000
1101,696,jean2@adventure-works.com,AFEF6290-69F3-4D53-9AD1-E30EFD2C0ED7,2012-06-30 00:00:00.000
1103,697,michael17@adventure-works.com,53DA3302-A035-45A2-8AB1-64759F0994E5,2013-07-31 00:00:00.000
1105,698,eddie0@adventure-works.com,A62603AB-EFFF-48CC-BD51-E5F6AA2912A2,2012-10-30 00:00:00.000
1107,699,juanita0@adventure-works.com,0B2B7305-55D1-4D29-83CD-E36EC6D901C9,2011-07-01 00:00:00.000
1109,700,peter3@adventure-works.com,E185AFFB-DD37-45A5-B4E0-48FB71BB2525,2013-07-31 00:00:00.000
1111,701,curtis0@adventure-works.com,FE359B84-78BA-4151-8F83-061121428A96,2011-07-01 00:00:00.000
1113,702,joe0@adventure-works.com,71F74381-EA90-4165-BD98-40F0D3B3EE35,2012-07-31 00:00:00.000
1115,703,janice1@adventure-works.com,AC2F7498-92C8-4ECB-9410-8FB8E55C7256,2012-06-30 00:00:00.000
1117,704,george1@adventure-works.com,9E095503-06DD-4584-9A9F-D01B967A6920,2011-12-01 00:00:00.000
1119,705,joshua0@adventure-works.com,A8808EF0-E014-4EB1-9398-A63DCD06F8A1,2012-01-29 00:00:00.000
1121,706,arlene0@adventure-works.com,31CA36CE-A56A-41EF-9648-EE8740CE1183,2013-06-30 00:00:00.000
1123,707,matthew4@adventure-works.com,224F5528-38CA-4A09-96A7-2D2E5183F15F,2011-05-31 00:00:00.000
1125,708,phyllis1@adventure-works.com,118EF6EA-C0BC-4955-9939-7D953C21053B,2011-07-01 00:00:00.000
1127,709,lawrence0@adventure-works.com,B7B4AA43-A0EE-45A5-A800-CDF21BD9245F,2012-08-30 00:00:00.000
1129,710,ryan4@adventure-works.com,8C648BAE-3097-4E62-99A5-63EE6ED646FA,2013-06-30 00:00:00.000
1131,711,beth0@adventure-works.com,02CD59BF-09B9-4D1C-A77B-1E4BC7BC1994,2012-07-31 00:00:00.000
1133,712,lucio0@adventure-works.com,BDF2E50E-5C10-411F-9859-06B29998B955,2011-07-01 00:00:00.000
1135,713,richard4@adventure-works.com,FD1B5238-D1F6-492F-AA62-E22C4601E245,2011-07-01 00:00:00.000
1137,714,erik0@adventure-works.com,9D2CD3D8-6ED4-47A6-8BE8-3BCFC6DDA526,2012-05-30 00:00:00.000
1139,715,denean0@adventure-works.com,D44C55EC-C71A-45D8-BFF8-EF0CC29F198C,2013-06-30 00:00:00.000
1141,716,raman0@adventure-works.com,8D6876AB-F357-49CF-8952-233E74CFB842,2012-06-30 00:00:00.000
1143,717,bronson0@adventure-works.com,6411B5AC-D4DF-4CC1-814A-AD8858E06C77,2014-05-01 00:00:00.000
1145,718,eric5@adventure-works.com,261E948C-41A8-4F21-937B-B025ABE72E96,2013-05-30 00:00:00.000
1147,719,jodan0@adventure-works.com,86A8E779-7318-4EB0-B451-4C9A45503B6E,2011-08-01 00:00:00.000
1149,720,mary7@adventure-works.com,3FC6BE0C-DF98-4583-BCF2-43938A24B866,2012-07-31 00:00:00.000
1151,721,david17@adventure-works.com,E4ED1261-0945-4B25-A6A0-A40D08F3F0C3,2013-05-30 00:00:00.000
1153,722,jay4@adventure-works.com,532F0658-AA72-45EF-B455-ED699992E550,2012-05-30 00:00:00.000
1155,723,vance0@adventure-works.com,9805DB03-8076-459A-9F7F-2AD9AC1C776C,2012-06-30 00:00:00.000
1157,724,joyce0@adventure-works.com,A1415D18-8DE7-4956-ADDC-E442430ECF69,2013-07-31 00:00:00.000
1159,725,george2@adventure-works.com,6B1EF5ED-367E-42D6-8A2B-9FF941D09C4C,2013-07-31 00:00:00.000
1161,726,stephen3@adventure-works.com,F15ED308-5ABC-4159-95B3-B2408CB54EDA,2012-05-30 00:00:00.000
1163,727,samuel1@adventure-works.com,33F7FFEB-E1C5-4A28-BC28-8C319C3336DE,2011-07-01 00:00:00.000
1165,728,danielle1@adventure-works.com,0BD00B2D-51EB-42CF-87F9-C34109BADA21,2013-07-31 00:00:00.000
1167,729,greg3@adventure-works.com,A3899992-57A9-493E-918D-4498BC8E1F84,2012-07-31 00:00:00.000
1169,730,barry1@adventure-works.com,04427257-DC23-470C-AB75-2C7A179A01C0,2011-08-01 00:00:00.000
1171,731,brian6@adventure-works.com,128E70E1-0A2B-43F2-9504-E2FEEB7E1CAA,2013-01-28 00:00:00.000
1173,732,david18@adventure-works.com,55724DF4-69F7-4E3B-885C-3EC1B7B85E1E,2011-07-01 00:00:00.000
1175,733,willis1@adventure-works.com,06FBB213-2393-4C39-9311-E0324D9136BA,2011-08-31 00:00:00.000
1177,734,tamara0@adventure-works.com,0049CDF9-E578-4373-953D-17C03ADF9742,2013-07-31 00:00:00.000
1179,735,robert6@adventure-works.com,E28BA53C-CE37-4C74-A15A-3CA0E7F79BB7,2011-07-01 00:00:00.000
1181,736,brannon0@adventure-works.com,46C4F01F-3A11-451E-85D4-1638C5430D9E,2011-07-01 00:00:00.000
1183,737,jean3@adventure-works.com,DBB2B03C-1DA0-4BEF-B920-8CE9F88F4039,2011-05-31 00:00:00.000
1185,738,peggy0@adventure-works.com,D6D99456-4311-4F9B-8564-1C2BFDA5F27E,2011-05-31 00:00:00.000
1187,739,diane4@adventure-works.com,01D14FD9-EBF1-4FA9-BA6A-4AAB5318431A,2012-07-31 00:00:00.000
1189,740,scott5@adventure-works.com,32ED1B7E-2376-4125-ABC1-729B9C81FFF7,2013-06-30 00:00:00.000
1191,741,sandra2@adventure-works.com,E911E759-0A7C-4DC1-8CB4-AE6822F50651,2011-07-01 00:00:00.000
1193,742,wendy1@adventure-works.com,B624D955-DA94-4E54-84FA-5277B69ED2EF,2011-08-01 00:00:00.000
1195,743,sandeep1@adventure-works.com,A6AAE63C-BF7E-430F-89FA-6BE52F59A913,2013-05-30 00:00:00.000
1197,744,john21@adventure-works.com,84561593-5B64-44C5-BAB9-99809CE758B9,2013-05-30 00:00:00.000
1199,745,lori2@adventure-works.com,691F25CA-112E-4A50-9A2D-66A4BF9660DD,2012-06-30 00:00:00.000
1201,746,judith1@adventure-works.com,9A6B650C-475B-446A-B707-3C4B82285AF2,2012-06-30 00:00:00.000
1203,747,kay0@adventure-works.com,A72586A2-37B0-49B5-A0C0-7917B2F21670,2011-08-01 00:00:00.000
1205,748,sandeep2@adventure-works.com,98FFDAEF-F64F-49FE-B89B-9F97657798CD,2011-05-31 00:00:00.000
1207,749,bonnie1@adventure-works.com,8CEA3FD6-59AE-4A72-8EB8-F23CB1D41F75,2013-06-30 00:00:00.000
1209,750,kendall1@adventure-works.com,76FC78E9-FD48-45AD-A1AB-B185E2CD7F0D,2013-06-30 00:00:00.000
1211,751,victor0@adventure-works.com,5A08EACB-95EF-4234-A919-D02D8A89E699,2012-10-30 00:00:00.000
1213,752,john22@adventure-works.com,B2723C63-9F00-4640-A146-DAC338E0F31E,2011-07-01 00:00:00.000
1215,753,robert7@adventure-works.com,70D0E7E2-BBAD-4FA0-A315-5027754AD3BB,2012-07-31 00:00:00.000
1217,754,kevin4@adventure-works.com,F4DFF382-D077-4E00-899C-9CA475FA74A4,2012-07-31 00:00:00.000
1219,755,mary8@adventure-works.com,4A763E00-FEE8-4425-8CF6-58A6C430BCD6,2012-06-30 00:00:00.000
1221,756,alice2@adventure-works.com,AE6D342D-8575-4D7F-A753-AEFD5A6148A5,2013-07-31 00:00:00.000
1223,757,elizabeth2@adventure-works.com,64AF57E0-8DD8-435A-8EE7-68B72DFFFD8A,2011-07-01 00:00:00.000
1225,758,tammy0@adventure-works.com,F9C1E2A5-2299-40EA-8B9A-495FC987A3C9,2011-08-01 00:00:00.000
1227,759,imtiaz0@adventure-works.com,E9BE2A14-9054-4111-A413-86B88C8FCDB7,2011-07-01 00:00:00.000
1229,760,karan1@adventure-works.com,CDFB9836-4F9D-40ED-9F9D-35BD5027BD9A,2013-06-30 00:00:00.000
1231,761,joe1@adventure-works.com,35244FE7-6E68-462A-BDB9-E3FBE36CB5D1,2013-06-30 00:00:00.000
1233,762,jim2@adventure-works.com,3499FD70-1EFD-459C-952A-A39C0980F36F,2012-05-30 00:00:00.000
1235,763,shane2@adventure-works.com,9F278075-7687-4207-939C-FB9B3E6A2E1A,2012-06-30 00:00:00.000
1237,764,tim0@adventure-works.com,6446BBCB-A046-453A-B212-71049D58D645,2013-06-30 00:00:00.000
1239,765,russell2@adventure-works.com,15EA5513-D4AD-486E-819F-C82F3D795A1A,2011-05-31 00:00:00.000
1241,766,anton0@adventure-works.com,9FA092C5-D505-4DD0-8A58-EADFA71E73BE,2012-06-30 00:00:00.000
1243,767,christian1@adventure-works.com,64DBE2FB-2A1C-402A-8C96-7B4CFDCAAFEA,2011-08-01 00:00:00.000
1245,768,andrew5@adventure-works.com,BE5D8E86-AE8D-4A93-839F-BF4E32C2C702,2011-10-31 00:00:00.000
1247,769,reed1@adventure-works.com,15B2213B-7396-41CF-BA43-2C097F499051,2013-07-31 00:00:00.000
1249,770,jim3@adventure-works.com,D5139DE8-8846-4755-861D-7FB1C0EE9851,2013-07-31 00:00:00.000
1251,771,kirk2@adventure-works.com,A9474402-D658-4779-A8CA-1B09D6F6C6A8,2013-06-30 00:00:00.000
1253,772,eugene2@adventure-works.com,F2375623-1523-4C76-B8BB-22D188FAF9E5,2012-06-30 00:00:00.000
1255,773,scott6@adventure-works.com,F50B6FF0-EF94-4A32-98A5-7E089F8B88AE,2012-05-30 00:00:00.000
1257,774,joy0@adventure-works.com,410E0E6E-42E6-4205-9E70-3728702CF7DE,2011-08-01 00:00:00.000
1259,775,pamala0@adventure-works.com,36506856-51A6-4B94-9EBE-79245D8AAE91,2013-07-31 00:00:00.000
1261,776,edward1@adventure-works.com,1429EF8F-D2E4-46E7-8D5B-2815FE36D438,2013-06-30 00:00:00.000
1263,777,james10@adventure-works.com,24C43657-A69D-4FB9-ACFA-6FB50B432D57,2012-05-30 00:00:00.000
1265,778,mitch0@adventure-works.com,02B4DE95-DE83-4E4D-9658-FF4FF8FCA5A1,2012-06-30 00:00:00.000
1267,779,james11@adventure-works.com,36E02C3C-BED2-4334-A452-8086C5B26DFB,2011-08-01 00:00:00.000
1269,780,margaret1@adventure-works.com,75F28FE6-6A06-4BAB-88B3-1547F811040D,2011-07-01 00:00:00.000
1271,781,deepak0@adventure-works.com,AD14F1A7-3C57-4942-B75D-0BDC43BDC649,2013-06-30 00:00:00.000
1273,782,jeffrey2@adventure-works.com,A6B84573-59A7-4F19-B006-7D6C390DE808,2012-07-31 00:00:00.000
1275,783,vamsi1@adventure-works.com,62AC33C5-F4F8-4E0A-9CB8-F61A5421A85F,2013-06-30 00:00:00.000
1277,784,jeffrey3@adventure-works.com,CDFE343C-20FF-42F0-9AAC-17D6B0A30CDF,2012-07-31 00:00:00.000
1279,785,peter4@adventure-works.com,8AADD486-3463-46F2-983D-83635BF03EBD,2011-10-01 00:00:00.000
1281,786,eric6@adventure-works.com,0F9A520A-2A1B-483C-9B2A-0793114D2755,2013-07-31 00:00:00.000
1283,787,rebecca2@adventure-works.com,3562CFD5-AF7F-46C5-89B8-6B59986C948B,2013-07-31 00:00:00.000
1285,788,cecilia0@adventure-works.com,D9112E83-21D5-422B-AA5B-46CCFDC6C503,2013-07-31 00:00:00.000
1287,789,david19@adventure-works.com,B9775AD7-548F-4BB3-9ED7-BC2D0F6588D7,2012-10-30 00:00:00.000
1289,790,elsa0@adventure-works.com,69823613-75E8-48D0-ACB2-3AC04AAC2867,2012-06-30 00:00:00.000
1291,791,michael18@adventure-works.com,E3E90D7A-0071-495C-B20A-4B8D2F280717,2013-06-30 00:00:00.000
1293,792,marjorie0@adventure-works.com,D898FAAE-6766-45F1-9E4E-860B923C0739,2012-05-30 00:00:00.000
1295,793,frank4@adventure-works.com,0E3BEF03-5B03-4F7A-ADB9-323AEE7BB79B,2011-08-01 00:00:00.000
1297,794,mark5@adventure-works.com,9F053F67-F185-4E99-A0D7-59F23FDCA464,2013-07-31 00:00:00.000
1299,795,robertson0@adventure-works.com,E090CA5B-CEF9-450C-86F0-0CA204F238DF,2013-06-30 00:00:00.000
1301,796,jolie0@adventure-works.com,F0C181FC-2E4B-4AC7-B3F3-52B72490B7E2,2013-05-30 00:00:00.000
1303,797,roger1@adventure-works.com,45189D70-3FC8-45DF-9BA1-1396043AC257,2013-06-30 00:00:00.000
1305,798,a0@adventure-works.com,B9C3A7A3-46F8-4C03-B9E7-AFE3FE2B5F09,2013-07-31 00:00:00.000
1307,799,bonnie2@adventure-works.com,3236E5A7-9D09-4F68-B8E0-0584442CAD51,2011-08-01 00:00:00.000
1309,800,gloria0@adventure-works.com,1375C759-F7DD-454E-B499-10F6C452BBED,2011-07-01 00:00:00.000
1311,801,linda7@adventure-works.com,C38E774F-2DDF-4F65-96EA-F283DC99346F,2011-07-01 00:00:00.000
1313,802,steven2@adventure-works.com,38D82B7F-8297-4AB6-A00A-651C4D5263ED,2013-07-31 00:00:00.000
1315,803,judy0@adventure-works.com,B4647358-2D98-4FC2-9444-5F172BBB2DAA,2012-06-30 00:00:00.000
1317,804,elsie0@adventure-works.com,4F81CA20-4D94-46F0-BC88-39A434911C01,2013-07-31 00:00:00.000
1319,805,george3@adventure-works.com,348A3072-BCBE-49EC-B6A7-B970E6BD09CF,2012-06-30 00:00:00.000
1321,806,yale0@adventure-works.com,B1CA6054-6870-4A03-A4CC-28358F5DE594,2011-08-01 00:00:00.000
1323,807,yan0@adventure-works.com,50572570-AD3B-4C2D-BEB8-AFE1D9CD24F2,2012-07-31 00:00:00.000
1325,808,yuhong1@adventure-works.com,76B6EE6C-AD95-4BD2-8006-9EF25D6FD28D,2012-06-30 00:00:00.000
1327,809,joseph2@adventure-works.com,EAF914E0-154D-4B77-AFC9-71C6CE76C4A2,2012-06-30 00:00:00.000
1329,810,paulo0@adventure-works.com,6ADBADA7-4738-4D1D-9EF5-29AA89927FD3,2012-07-31 00:00:00.000
1331,811,david20@adventure-works.com,A36F3DE2-1E6B-4001-B0B6-3E41D1D204EC,2011-07-01 00:00:00.000
1333,812,jinghao1@adventure-works.com,35C7BBA9-48B6-4329-B7D8-F47C2A7D4B35,2012-07-31 00:00:00.000
1335,813,kevin5@adventure-works.com,454B66CF-204C-4630-B9E1-8A6F344CD588,2012-07-31 00:00:00.000
1337,814,run0@adventure-works.com,5A1956C0-3C76-499D-8C19-029A86D975AA,2011-05-31 00:00:00.000
1339,815,todd0@adventure-works.com,D1657DEC-C268-4F52-961C-2BDB42CC16D6,2012-07-31 00:00:00.000
1341,816,kok-ho1@adventure-works.com,7C88A643-862D-471E-A9DE-44164C61A9E8,2013-07-31 00:00:00.000
1343,817,john23@adventure-works.com,A68B6B68-6F31-439E-B6BE-548A92D59902,2011-07-01 00:00:00.000
1345,818,sharon2@adventure-works.com,59838776-87FD-4586-86EC-C6CE109D9921,2012-07-31 00:00:00.000
1347,819,jeremy0@adventure-works.com,55DE1D05-3C9A-402D-87B3-97D6CD1A34A1,2012-05-30 00:00:00.000
1349,820,spencer0@adventure-works.com,5E530012-94EB-4EED-AB42-B5C64987E2DA,2011-07-01 00:00:00.000
1351,821,anita0@adventure-works.com,E9931C6D-63F6-4BE4-9393-37688FBC9E7E,2013-07-31 00:00:00.000
1353,822,jose4@adventure-works.com,01167FE5-3C7C-470D-A2A6-ED56944EB7AA,2013-07-31 00:00:00.000
1355,823,richard5@adventure-works.com,0AA09E92-9242-446D-B164-BF56E7F2EC51,2011-08-01 00:00:00.000
1357,824,judy1@adventure-works.com,EFD387A0-9C35-4B27-8D3A-E0C537FA4BC2,2011-08-01 00:00:00.000
1359,825,sean4@adventure-works.com,F883EE38-5EE6-4F03-923A-1D69B9A62DB6,2013-07-31 00:00:00.000
1361,826,helen1@adventure-works.com,A6596A9C-1760-4211-8377-E44A546DAE96,2011-07-01 00:00:00.000
1363,827,robert8@adventure-works.com,6EA1564A-4E42-425B-81FE-B1AB619CBC7D,2011-08-01 00:00:00.000
1365,828,sharon3@adventure-works.com,C438585C-9373-475B-B111-1F1B4D2BB166,2013-05-30 00:00:00.000
1367,829,robert9@adventure-works.com,E4F0D8F9-7FA4-4627-9AF6-B402B29BB9E8,2012-07-31 00:00:00.000
1369,830,jenny0@adventure-works.com,97321B08-9A22-40BA-AB28-8DD98A373992,2013-07-31 00:00:00.000
1371,831,denise1@adventure-works.com,AE0DA351-DEFE-4E5B-A3F3-11FF854F2C80,2011-08-31 00:00:00.000
1373,832,scott7@adventure-works.com,717F90EB-FA7C-4CA9-880B-6DB3BEDF5CE3,2011-05-31 00:00:00.000
1375,833,walter1@adventure-works.com,BD92BD9B-235B-4AC4-9D63-5BF9442340BA,2012-07-31 00:00:00.000
1377,834,patrick3@adventure-works.com,32F5F559-F466-44C6-A01A-AA75F0F62F89,2012-07-31 00:00:00.000
1379,835,kimberly2@adventure-works.com,FF445677-5218-4E11-9DA8-3D7268FD333A,2013-06-30 00:00:00.000
1381,836,ajay0@adventure-works.com,EB71765F-0828-432B-9235-4A1BC2917841,2013-12-31 00:00:00.000
1383,837,parul0@adventure-works.com,F103E86F-8550-4E93-BE7E-3DB1DA7482D9,2013-06-30 00:00:00.000
1385,838,tomas0@adventure-works.com,40E14EC0-6BB5-40EE-85C2-7E8925842AE6,2012-07-31 00:00:00.000
1387,839,kathy0@adventure-works.com,93402F27-8139-4137-9890-32B740076E29,2012-05-30 00:00:00.000
1389,840,jill2@adventure-works.com,4C2CD2F2-8D2A-49B3-8D18-2B43B708FBB6,2011-05-31 00:00:00.000
1391,841,melissa0@adventure-works.com,30A5D0B4-491C-427F-B545-BB72D0169B60,2011-10-31 00:00:00.000
1393,842,cecelia0@adventure-works.com,D76B063C-3D72-4BA5-B774-26239BA18331,2012-06-30 00:00:00.000
1395,843,benjamin2@adventure-works.com,7A739E2D-2244-43CC-9A07-89228DAE6BA3,2013-06-30 00:00:00.000
1397,844,linda8@adventure-works.com,F05B7F72-C967-4080-9315-141EDD60A50B,2012-06-30 00:00:00.000
1399,845,mindy1@adventure-works.com,C65B5AA9-A353-4BB7-861F-12A8C559B1D2,2012-06-30 00:00:00.000
1401,846,sandra3@adventure-works.com,7ACC895B-604A-4AC9-97D8-AD47EB93F7A8,2013-07-31 00:00:00.000
1403,847,frank5@adventure-works.com,786464A9-A833-4751-8966-BE019E4D874E,2013-05-30 00:00:00.000
1405,848,steve2@adventure-works.com,811D6923-1BE3-466C-96E4-C937FDC50DCE,2011-07-01 00:00:00.000
1407,849,joseph3@adventure-works.com,EDDDDAAC-3C5E-43BC-BF15-F2FCE3861A4F,2012-09-30 00:00:00.000
1409,850,jennifer1@adventure-works.com,88C33C7A-942E-456D-84EC-8D828A363E55,2012-06-30 00:00:00.000
1411,851,chris6@adventure-works.com,3A85F5E2-D8B2-451F-A7F6-B54C7BB10D8C,2012-09-30 00:00:00.000
1413,852,sandra4@adventure-works.com,58D75716-F7BE-4928-9070-14B25A64FF50,2011-05-31 00:00:00.000
1415,853,john24@adventure-works.com,C041FEC5-66CA-4BEF-A205-1D1EB6DE3218,2012-06-30 00:00:00.000
1417,854,robin0@adventure-works.com,8A59794F-EDCA-4848-BBFC-EB1FDEB3CD2A,2011-05-31 00:00:00.000
1419,855,stacie0@adventure-works.com,BD28EF3B-DCD3-4BA7-BEA9-853388D93AC4,2013-06-30 00:00:00.000
1421,856,katie1@adventure-works.com,85CBFF6A-5093-4DA5-AD9E-E3AE7130A7F2,2012-06-30 00:00:00.000
1423,857,lola0@adventure-works.com,9727EED0-C91E-4D8B-9CFE-766438C7EB67,2012-06-30 00:00:00.000
1425,858,jane3@adventure-works.com,8D2620CF-B5A9-41C7-8EA4-3E171CB0F925,2012-07-31 00:00:00.000
1427,859,nikki0@adventure-works.com,6A87F0DA-D952-40D4-B11D-B8EF66B612EA,2012-05-30 00:00:00.000
1429,860,james12@adventure-works.com,FE92BB2F-C829-4A98-B5B8-436DB41752D7,2012-05-30 00:00:00.000
1431,861,christinia0@adventure-works.com,8EE89C6B-6369-4D79-BB74-E7E2FDFB5250,2013-08-30 00:00:00.000
1433,862,alejandro1@adventure-works.com,1D907C21-BDFC-43CC-BA47-F0C4CE012D90,2013-06-30 00:00:00.000
1435,863,yvonne1@adventure-works.com,BE566FE4-3C89-4E6A-B512-076B1CA9AD1A,2011-08-01 00:00:00.000
1437,864,nkenge0@adventure-works.com,EE253B0A-BC87-463C-AB9C-9836A741A481,2011-07-01 00:00:00.000
1439,865,nancy3@adventure-works.com,7C31D996-D37B-4A2E-8D8D-D94188098DF3,2013-06-30 00:00:00.000
1441,866,nellie0@adventure-works.com,76702943-207A-4ED6-8F13-072E36A97759,2013-07-31 00:00:00.000
1443,867,raquel0@adventure-works.com,2842A6BA-0935-4033-91F5-2FBF6B19CFEB,2012-07-31 00:00:00.000
1445,868,gladys0@adventure-works.com,8F3C1579-5139-4857-8735-33478E8310A1,2012-06-30 00:00:00.000
1447,869,rmorgan0@adventure-works.com,2E411DEF-9A57-43CE-B69F-31B82834751B,2013-04-30 00:00:00.000
1449,870,tosh0@adventure-works.com,BB9B4AA0-3074-4661-A854-D0733EBB39BD,2012-06-30 00:00:00.000
1451,871,susan4@adventure-works.com,68BCED58-1C73-4128-B4F7-2550F6CFC5DE,2013-07-31 00:00:00.000
1453,872,stephen4@adventure-works.com,D9CA330D-7291-495F-A1C3-48F4FE5A1827,2011-10-01 00:00:00.000
1455,873,eric7@adventure-works.com,2B96A4E0-F269-490B-9960-B796ADA44ED6,2011-10-01 00:00:00.000
1457,874,helen2@adventure-works.com,55083786-246F-406B-9A12-247A9EB72FEE,2011-10-01 00:00:00.000
1459,875,deanna1@adventure-works.com,6FAA753E-3711-4CB0-8D5A-55E7D998BFE9,2011-10-31 00:00:00.000
1461,876,gary3@adventure-works.com,D2AB340B-05FD-47DD-B536-521B3BC9DE1A,2013-06-30 00:00:00.000
1463,877,ramesh1@adventure-works.com,35F5F644-72A5-4F62-B254-902BE76D63CA,2013-06-30 00:00:00.000
1465,878,thomas2@adventure-works.com,BF1F0BF0-4F79-4783-9C6C-C28AF6D7F24D,2012-09-30 00:00:00.000
1467,879,jan1@adventure-works.com,A36B9043-C7F4-4833-8B37-376ABB5195F6,2012-06-30 00:00:00.000
1469,880,virginia0@adventure-works.com,3CC38E5F-C62C-4645-8881-D1B414E2BF4B,2012-05-30 00:00:00.000
1471,881,matthew5@adventure-works.com,0274E6F2-3886-40FB-AA06-19F68A7CA289,2012-07-31 00:00:00.000
1473,882,emilo0@adventure-works.com,A6F4AA84-4481-44B9-9689-C90A76AEFD0F,2013-07-31 00:00:00.000
1475,883,ben1@adventure-works.com,72043420-3DD3-4D8A-8B2A-2E9DDDA9DF37,2013-06-30 00:00:00.000
1477,884,dylan1@adventure-works.com,21049EB3-1434-4F0D-9A20-664339B61D3B,2011-10-01 00:00:00.000
1479,885,frank6@adventure-works.com,2F22C146-E41C-4F44-A3D1-63F682C9942C,2012-06-30 00:00:00.000
1481,886,neva0@adventure-works.com,27D0408E-C4BF-4E83-849B-A4E017704F70,2013-06-30 00:00:00.000
1483,887,linda9@adventure-works.com,FCA7EB57-3006-4D46-A2F3-2D3D4161AF6A,2013-07-31 00:00:00.000
1485,888,scott8@adventure-works.com,D326E9D7-03A9-44F4-A42C-0CAFFB22A481,2012-06-30 00:00:00.000
1487,889,robert10@adventure-works.com,7C5C3F7A-DCBE-4BEA-9F54-AF4B108EFE08,2013-07-31 00:00:00.000
1489,890,joseph4@adventure-works.com,30FBB12E-5E7B-489E-9F4B-E2DEDBAF6BAA,2013-07-31 00:00:00.000
1491,891,paula2@adventure-works.com,C198930B-5BF5-4D03-95DA-E0B5047F9360,2011-12-23 00:00:00.000
1493,892,suchitra1@adventure-works.com,F562753D-2C36-42CB-B915-65274E5D5588,2011-04-25 00:00:00.000
1495,893,jonathan0@adventure-works.com,6E324102-6727-4C68-9BE3-81817FF89163,2011-04-25 00:00:00.000
1497,894,william3@adventure-works.com,10BFD7C4-5CE0-4315-88A5-91650BCF6F08,2012-02-03 00:00:00.000
1499,895,alan2@adventure-works.com,87677B14-50B5-4B90-8B2F-37BC9142CB28,2012-02-02 00:00:00.000
1501,896,hillaine0@adventure-works.com,BFB149AF-63BC-4A8B-ADE5-71B817A0DEA3,2011-12-24 00:00:00.000
1503,897,bobby0@adventure-works.com,307B446B-6950-4638-908B-D31052FED8AC,2011-12-24 00:00:00.000
1505,898,barbara6@adventure-works.com,76AB4E56-89D9-4B69-93D4-A1C8CB83DB9D,2012-01-25 00:00:00.000
1507,899,jon2@adventure-works.com,1B77FC8A-EFA1-4D8C-B678-AB6870A6B060,2011-12-24 00:00:00.000
1509,900,julia0@adventure-works.com,37B57D30-98CE-4203-A8C7-B3CB884E9A39,2012-01-25 00:00:00.000
1511,901,marie0@adventure-works.com,40864EDD-4064-4365-9A8B-2BED5FA0D758,2011-12-23 00:00:00.000
1513,902,zheng1@adventure-works.com,2D6A85CB-7271-4B9F-B9D7-3653A83C939B,2012-02-03 00:00:00.000
1515,903,salman0@adventure-works.com,AD572D9E-741D-4020-B2BC-998489006345,2012-01-25 00:00:00.000
1517,904,albert0@adventure-works.com,21204869-62DE-4E67-B202-EF338D3D1081,2011-12-24 00:00:00.000
1519,905,stuart2@adventure-works.com,06697A01-B82C-4D4C-A06E-1B20922488C0,2011-12-24 00:00:00.000
1521,906,billiejo0@adventure-works.com,B6925AAC-2438-42A2-A981-77847AB0BD08,2012-01-25 00:00:00.000
1523,907,dorothy2@adventure-works.com,AF021830-6A59-498C-AD5D-D05F70620E1E,2012-02-02 00:00:00.000
1525,908,ken2@adventure-works.com,9AF7A039-3C1E-4769-8D7E-AE3DA844D4FF,2012-01-25 00:00:00.000
1527,909,suzanne0@adventure-works.com,52D45F7E-6641-48D0-B79A-A06257A25EFF,2012-02-03 00:00:00.000
1529,910,mandar1@adventure-works.com,11E5B0F9-4ADD-4DDC-A17D-DAF7FF82C6C3,2011-12-24 00:00:00.000
1531,911,greg4@adventure-works.com,E2516D79-8B89-4BCE-B28F-B957384D2CE6,2012-01-29 00:00:00.000
1533,912,mike4@adventure-works.com,A9B34AE3-D1AA-436A-89F8-44376A35352B,2012-02-02 00:00:00.000
1535,913,lorraine1@adventure-works.com,EF9D966E-A04C-40F4-93AF-892AD538E41B,2012-01-17 00:00:00.000
1537,914,alex1@adventure-works.com,4358F9F6-483D-4E36-A1C6-D7EF71C006F0,2012-02-18 00:00:00.000
1539,915,jan2@adventure-works.com,E816C08E-D190-4FFA-9C9B-FAA4CD373EAA,2011-12-23 00:00:00.000
1541,916,amir0@adventure-works.com,D53BB300-AF62-42F3-97F5-CF3F49C3B8F2,2012-01-25 00:00:00.000
1543,917,donals0@adventure-works.com,C723B278-FE52-48E9-806D-427C9E36F78C,2011-12-24 00:00:00.000
1545,918,toby0@adventure-works.com,8DD9A734-8073-4638-8EE5-C584750B6F45,2012-01-29 00:00:00.000
1547,919,laura2@adventure-works.com,0F6C0B76-2B44-4C0D-9952-ABA535D4ACA4,2011-12-24 00:00:00.000
1549,920,fred1@adventure-works.com,E9A416A6-07F1-4AF0-86A0-C1650BA4EB55,2012-02-03 00:00:00.000
1551,921,michael19@adventure-works.com,E25C9327-6129-4AD1-A366-C65C664CAE94,2012-01-25 00:00:00.000
1553,922,tim1@adventure-works.com,D001556C-4E90-47F9-9E98-BA7FA6C3DAD9,2012-02-18 00:00:00.000
1555,923,tina0@adventure-works.com,09E3E4B7-A0CA-4499-8332-29232F7F4E7E,2012-02-18 00:00:00.000
1557,924,robert11@adventure-works.com,04852328-7B48-40C1-919C-490A6C00D98F,2012-02-03 00:00:00.000
1559,925,nino0@adventure-works.com,7D8DAA0B-F3E7-43D2-A34A-83D8D44F8534,2011-12-24 00:00:00.000
1561,926,lee1@adventure-works.com,FFDB4964-38BB-4959-AB9A-9D9534A6A78D,2012-02-02 00:00:00.000
1563,927,tad0@adventure-works.com,D96E0F74-0812-499D-BC2E-A1B18370623B,2011-12-23 00:00:00.000
1565,928,gloria1@adventure-works.com,76A69CB4-8C9C-414D-BFEA-C5A7BA707F45,2011-12-23 00:00:00.000
1567,929,fred2@adventure-works.com,12F3D73D-1732-4845-8A81-A73E0223FE33,2012-01-17 00:00:00.000
1569,930,john25@adventure-works.com,1D260E01-1444-458B-9E97-019A4F4B2E13,2012-01-25 00:00:00.000
1571,931,david21@adventure-works.com,29D7700D-CCE5-471B-86D7-5687E06670EC,2012-02-02 00:00:00.000
1573,932,michiko1@adventure-works.com,489A35D8-3A74-4572-9DFA-3630675144A4,2011-12-24 00:00:00.000
1575,933,stu0@adventure-works.com,AB6C8F25-E7DF-422E-8A55-6E6AF5117945,2012-02-03 00:00:00.000
1577,934,scott9@adventure-works.com,B2CEB500-2C4A-426F-84DC-5B003D4C97F9,2012-02-18 00:00:00.000
1579,935,lori3@adventure-works.com,F54A3B94-594E-46A0-9EEC-265D8D388196,2011-04-25 00:00:00.000
1581,936,jyothi0@adventure-works.com,638E4A95-10B6-44E9-9FB8-A57942C5824C,2012-01-25 00:00:00.000
1583,937,cristian1@adventure-works.com,55AE263C-1062-488D-876C-4C21933F6F68,2012-01-25 00:00:00.000
1585,938,mosha0@adventure-works.com,F3595615-34FB-4759-AAEB-5A4379441039,2012-02-02 00:00:00.000
1587,939,rajesh1@adventure-works.com,E0F4C339-25F1-49B8-972D-44CA5366F100,2012-02-02 00:00:00.000
1589,940,shyamalan0@adventure-works.com,F9AA7AA3-1415-4BE5-88F3-EE90E9151AF9,2012-02-03 00:00:00.000
1591,941,michael20@adventure-works.com,E27C2A29-7287-47CA-AE73-F2029C3CCA9B,2012-01-29 00:00:00.000
1593,942,trish0@adventure-works.com,0F9F8119-001C-49BA-BF4D-568428BA43F9,2012-02-03 00:00:00.000
1595,943,frank7@adventure-works.com,188DC124-35C6-4F2B-8B88-11B8B48DEE55,2011-12-24 00:00:00.000
1597,944,lionel1@adventure-works.com,5B0B6738-5636-4AE8-A124-F88499EF30AC,2011-12-24 00:00:00.000
1599,945,elizabeth3@adventure-works.com,431FAD2A-0557-4A68-B3E1-B1615CE6B942,2012-01-25 00:00:00.000
1601,946,john26@adventure-works.com,B0AC6F32-011E-4DEA-9EFD-321F6F11AEE7,2011-12-23 00:00:00.000
1603,947,jonathan1@adventure-works.com,940CE475-4839-4DD7-BA84-2EB894ADC760,2011-12-23 00:00:00.000
1605,948,tina1@adventure-works.com,A7B87005-9423-4F3F-977B-6515C470CE18,2012-01-25 00:00:00.000
1607,949,james13@adventure-works.com,CB0650C0-A6DD-4579-BA89-04EDF0216966,2012-02-02 00:00:00.000
1609,950,glin0@adventure-works.com,C191E2A7-5888-4313-BDFE-B73F2F659BEB,2012-01-25 00:00:00.000
1611,951,sara1@adventure-works.com,F89D8D6A-6191-42B8-B16F-A9CB9F162E9A,2012-02-02 00:00:00.000
1613,952,carol3@adventure-works.com,2E830B9E-4FC1-43B9-AA6B-38B4EBADF8C6,2012-02-02 00:00:00.000
1615,953,patricia1@adventure-works.com,98E9E722-4426-4266-B20A-F6D20CAE9A58,2011-05-09 00:00:00.000
1617,954,pat3@adventure-works.com,D61660E6-3DE5-4B28-8E39-0E8E983E8FA9,2012-01-29 00:00:00.000
1619,955,paulo1@adventure-works.com,90743D4A-3245-4D8B-A82A-856EFC7B621A,2012-01-29 00:00:00.000
1621,956,deborah2@adventure-works.com,47BE10D7-ED41-4FE1-9601-2F5727D493FA,2012-02-02 00:00:00.000
1623,957,grigory0@adventure-works.com,462059A6-AFDC-4274-885D-3A8E1AF422E9,2011-12-24 00:00:00.000
1625,958,carole1@adventure-works.com,BE64B64F-F171-4390-8DA3-A72E12F2E230,2012-01-25 00:00:00.000
1627,959,cheryl1@adventure-works.com,F3F59AA0-D10D-438D-A43F-A91E0DF54D07,2011-12-23 00:00:00.000
1629,960,alma0@adventure-works.com,75D83A1C-1E2A-4B7E-B12B-9865B9D68DC4,2012-02-02 00:00:00.000
1631,961,ethel0@adventure-works.com,E23C3076-C121-43F2-982C-D93254AD056F,2012-02-02 00:00:00.000
1633,962,constance0@adventure-works.com,856C5AF0-EB25-4AC1-8061-2C593826CC50,2011-05-09 00:00:00.000
1635,963,josh1@adventure-works.com,A5426AB9-F75F-4A26-9D34-E2146CD443EA,2012-01-17 00:00:00.000
1637,964,betty1@adventure-works.com,3651C840-5A94-490A-91B8-F1CDFAF1B7F7,2012-01-25 00:00:00.000
1639,965,fred3@adventure-works.com,B45A1A3C-A237-4B4C-A386-1EBC9408402A,2012-02-02 00:00:00.000
1641,966,jeff3@adventure-works.com,1AADA607-9BC3-4230-8424-76D1EBBC996A,2012-02-02 00:00:00.000
1643,967,milton1@adventure-works.com,33C384B4-DB3A-41D3-9C0E-2AA32C5D092F,2012-01-25 00:00:00.000
1645,968,sean5@adventure-works.com,E33D2541-4370-465C-B2F3-A71726A3283C,2012-01-17 00:00:00.000
1647,969,monica0@adventure-works.com,E49017C0-40CD-455D-BB66-00C2995EEFAD,2012-01-17 00:00:00.000
1649,970,marylou0@adventure-works.com,13F89808-DD5A-4A82-B976-8E51FF002E0F,2011-04-25 00:00:00.000
1651,971,kim4@adventure-works.com,41623085-CE15-42EC-8DBA-0B000674CB65,2012-02-18 00:00:00.000
1653,972,susan5@adventure-works.com,85B754CB-BF7A-462B-B52B-0C9C1803EBBB,2011-05-09 00:00:00.000
1655,973,cynthia1@adventure-works.com,7A7B5D43-D98A-4A41-8101-E5CBBFC125DB,2012-02-02 00:00:00.000
1657,974,arvind1@adventure-works.com,8BAE32D4-50C1-4AB4-81D4-4AAE47C31BEC,2011-12-24 00:00:00.000
1659,975,simon1@adventure-works.com,C7726114-A920-46CA-82C4-B2FBED95FAFF,2012-01-25 00:00:00.000
1661,976,michael21@adventure-works.com,99D312B5-CC50-4F2D-A38F-8DCFB940AB7D,2012-02-02 00:00:00.000
1663,977,suzann0@adventure-works.com,9218064E-2FE6-43C0-9BCB-3524EB28D63C,2011-05-09 00:00:00.000
1665,978,michelle1@adventure-works.com,B4CAF23C-2ABD-4924-83CD-833BCE915A1F,2012-01-29 00:00:00.000
1667,979,jamie0@adventure-works.com,413BEBBC-54A3-45A3-86D1-A204991EAD34,2012-02-03 00:00:00.000
1669,980,russell3@adventure-works.com,070B42AF-9448-4001-8BAC-4A8099B48D04,2012-02-03 00:00:00.000
1671,981,celine0@adventure-works.com,51C2F1EE-983A-4BC7-8771-482C8D4EAE53,2012-01-25 00:00:00.000
1673,982,randy1@adventure-works.com,07B1BE64-7B41-45A6-B76C-FE44740B3052,2012-02-18 00:00:00.000
1675,983,enoch0@adventure-works.com,13DFC210-26EA-49E7-AC2A-C6CAA1CD7394,2012-02-03 00:00:00.000
1677,984,eric8@adventure-works.com,A9B57E0C-EBB5-47E7-8A06-1BECEFD40706,2011-05-09 00:00:00.000
1679,985,adam1@adventure-works.com,A862C019-CA42-406D-A374-6212B486ACCC,2012-01-25 00:00:00.000
1681,986,constance1@adventure-works.com,A44B5398-0C7C-45E6-AB43-D88725053022,2012-02-02 00:00:00.000
1683,987,albert1@adventure-works.com,28146A63-206A-4D0F-ACDF-29F64E30D852,2012-02-02 00:00:00.000
1685,988,dave1@adventure-works.com,B55B7622-4B73-47AF-B276-43FF11044A36,2012-02-02 00:00:00.000
1687,989,jack3@adventure-works.com,3D0A75DF-7B0B-4C4F-A28D-1064BA61C561,2012-02-18 00:00:00.000
1689,990,marie1@adventure-works.com,8A14AA93-37A1-41B8-A655-3FFEB78E2450,2011-12-23 00:00:00.000
1691,991,william4@adventure-works.com,70913E54-1E9B-4906-85F9-71287D9DE57B,2011-12-24 00:00:00.000
1693,992,thomas3@adventure-works.com,545A11D9-6FCD-442E-92E5-4271F7A73410,2011-12-24 00:00:00.000
1695,993,stacy0@adventure-works.com,2B1F32FF-390D-4F66-AABD-A4BB8663628F,2011-12-24 00:00:00.000
1697,994,leota0@adventure-works.com,6CDC2EF3-C4C9-411C-9ABB-301ACFFCF785,2011-12-23 00:00:00.000
1699,995,david22@adventure-works.com,914E808B-E87A-4649-8BAD-362F3B4C43AC,2013-07-31 00:00:00.000
1700,996,rebecca3@adventure-works.com,E02ACE06-9A75-4A39-8E78-C1E71344EE7C,2014-05-05 00:00:00.000
1701,997,dorothy3@adventure-works.com,74D6B0A7-4426-42EB-8F5E-74CE42352CC3,2012-03-06 00:00:00.000
1702,998,carolann0@adventure-works.com,59B7A70A-3C1B-4D14-A117-85E9266F443E,2011-09-26 00:00:00.000
1703,999,scott10@adventure-works.com,6A3C827D-8F6A-4826-8B17-70B7D3511988,2012-03-17 00:00:00.000
1704,1000,jim4@adventure-works.com,B014F093-6C83-4208-9CDA-325AF9A4D49A,2012-01-14 00:00:00.000
