BusinessEntityID,rowguid,ModifiedDate
1,0C7D8F81-D7B1-4CF0-9C0A-4CD8B6B50087,2017-12-13 13:20:24.150
2,6648747F-7843-4002-B317-65389684C398,2017-12-13 13:20:24.430
3,568204DA-93D7-42F4-8A7A-4446A144277D,2017-12-13 13:20:24.540
4,0EFF57B9-4F4F-41A6-8867-658C199A5FC0,2017-12-13 13:20:24.570
5,B82F88D1-FF79-4FD9-8C54-9D24C140F647,2017-12-13 13:20:24.633
6,1B3D077A-1941-4D6E-8328-F7DC03595565,2017-12-13 13:20:24.680
7,C1898370-A36F-43A2-987C-0BF24FE3FB82,2017-12-13 13:20:24.727
8,2B50ABB8-ABAB-412B-A4D0-4FD5EBEB5CBE,2017-12-13 13:20:24.773
9,5C0AB449-A087-4D8D-834F-3726061B6BFA,2017-12-13 13:20:24.803
10,0F3CC1D7-F484-4BDE-B088-B11EF03E2F52,2017-12-13 13:20:24.850
11,A417A3D1-00EB-4D7F-B793-F93DC2C5391D,2017-12-13 13:20:24.900
12,EBD8A50F-322E-4426-A39A-566FD5535B1C,2017-12-13 13:20:24.947
13,1D61C426-FF79-4E23-9EA5-9610CB063F3B,2017-12-13 13:20:24.993
14,C596EC29-BA16-441B-A5EC-7FED4C8344C4,2017-12-13 13:20:25.040
15,955E421A-0AEB-4D8F-AE74-88EFFB82E41A,2017-12-13 13:20:25.087
16,BC224F3F-1776-450E-991A-B2F2FB10F39A,2017-12-13 13:20:25.133
17,A51C9689-FA2B-4162-8CAD-B2500471221A,2017-12-13 13:20:25.350
18,301054EA-0FDC-47D4-BBD1-8DBEB189EAD7,2017-12-13 13:20:25.400
19,5958EDCA-352F-44F4-A8F2-3BF8AFF699DF,2017-12-13 13:20:25.447
20,85A4CF13-3DAD-496B-B1F7-27B990EF7EB8,2017-12-13 13:20:25.493
21,11E4F0C7-D6B7-41BB-BAED-8AD7D052E378,2017-12-13 13:20:25.553
22,F99503C8-3F5B-4D90-94E7-A14BD304A5B4,2017-12-13 13:20:25.617
23,A1A1E909-83A7-40F4-98F5-5B0B2CA778CB,2017-12-13 13:20:25.680
24,20CD83C8-A8E0-4800-B735-76D034EC114F,2017-12-13 13:20:25.727
25,97447E48-4812-4737-88F7-A00CF1AD495C,2017-12-13 13:20:25.773
26,6735DBDD-8E9D-425A-93D1-522EC1788737,2017-12-13 13:20:25.820
27,F44EB89F-486E-4652-A963-46134500FB55,2017-12-13 13:20:25.850
28,BE7F33EF-371F-47DA-9833-37FAF98F8AF8,2017-12-13 13:20:25.900
29,225F6245-9FB9-44B0-B705-AAC0EDC677FE,2017-12-13 13:20:25.977
30,CD9FFE86-8CA4-4A36-91FC-1F61A955E435,2017-12-13 13:20:26.023
31,20F761BB-5323-4714-ABCE-DB82428A6F5E,2017-12-13 13:20:26.053
32,4C235F6C-275B-4DE5-860E-98807873236D,2017-12-13 13:20:26.100
33,888C9433-02F1-4758-ACA8-EE544D2A2309,2017-12-13 13:20:26.150
34,849337D0-1D6B-4327-83EF-6700F2D20EC9,2017-12-13 13:20:26.197
35,7A6037EB-AEFE-4D05-B925-D022A158A5E4,2017-12-13 13:20:26.243
36,2F51BEB8-5842-4992-B730-E1EE8E8A498F,2017-12-13 13:20:26.290
37,5E98E090-73E3-4289-9265-99DBBDADD025,2017-12-13 13:20:26.337
38,5AD7C51D-06FC-46EB-A9A1-14A4E1719D0A,2017-12-13 13:20:26.383
39,3FF6A2C4-2113-4BE5-8E8C-E970E1668065,2017-12-13 13:20:26.430
40,7E972571-E349-4CEF-9325-52CC339DF648,2017-12-13 13:20:26.477
41,D390F5C4-63DC-4059-9302-03EEA1CD3CBD,2017-12-13 13:20:26.523
42,A03E96BD-1C42-419C-AF4E-2E4E85E6D146,2017-12-13 13:20:26.570
43,0A6C0DB2-E0E3-47C8-A931-E0AA55310F7F,2017-12-13 13:20:26.617
44,D970409B-1269-4B42-BD97-863258BFC07E,2017-12-13 13:20:26.663
45,7E20705F-E152-48E1-8FBF-9A1F99E4D804,2017-12-13 13:20:26.710
46,D840817E-09D3-40FB-A5FC-1654474B7591,2017-12-13 13:20:26.760
47,02804145-145F-495B-9A72-0078AAC9A85F,2017-12-13 13:20:26.803
48,D849CC85-3507-4C0C-932D-D94CE7CCAC01,2017-12-13 13:20:26.850
49,607FF863-F3BC-42BB-B399-B438F6D39651,2017-12-13 13:20:26.883
50,81016571-BD2C-4F76-900C-2092765710BF,2017-12-13 13:20:26.930
51,CD7E8A48-D000-450B-9E08-E0FEF8048A13,2017-12-13 13:20:26.977
52,C1B94F32-B42C-4FE7-A0FB-F0C6D4755A19,2017-12-13 13:20:27.023
53,6D49529F-50CE-497E-9757-88A1AAEA798C,2017-12-13 13:20:27.070
54,85B16356-0235-4696-A543-C750AC3509E8,2017-12-13 13:20:27.117
55,395D317A-E79F-46D3-8ACD-60BD400D4898,2017-12-13 13:20:27.163
56,129EF710-7FB3-4AE8-9868-8CB56B0B662F,2017-12-13 13:20:27.210
57,032E14E3-2041-4908-A062-0171BAF4D416,2017-12-13 13:20:27.260
58,2A22FD03-E6BB-4D26-ABC7-FFFAB1EDA00A,2017-12-13 13:20:27.303
59,A4E68611-2AE6-439A-BABA-E98032C9A519,2017-12-13 13:20:27.350
60,46AD6F6A-1E17-484D-9D2B-639CBEEA54E6,2017-12-13 13:20:27.400
61,1396CB17-0C49-46E3-A020-C3C5B43C11AA,2017-12-13 13:20:27.447
62,D0715E80-D94B-404C-9017-CB52AD0D591C,2017-12-13 13:20:27.477
63,81D9CE2A-C65B-4A8B-9315-C615215B183F,2017-12-13 13:20:27.523
64,76045384-B83D-4CE3-AE90-007AD719BB7B,2017-12-13 13:20:27.570
65,CB1F3AAC-C459-49FF-BD3A-613831F6B686,2017-12-13 13:20:27.617
66,3B868739-F601-4B67-AE5D-C3FAAE265378,2017-12-13 13:20:27.663
67,74FC4C0A-EC69-4D67-A254-CD487FD48818,2017-12-13 13:20:27.710
68,A4622872-2E18-4CF5-83E4-E3F8A1A6FE14,2017-12-13 13:20:27.760
69,A1D87D9A-EF39-4288-8072-DFE7E26F12CD,2017-12-13 13:20:27.803
70,A8D72A5F-E153-4B01-8744-745858D4FDFA,2017-12-13 13:20:27.850
71,4C998900-1A8F-4420-9B7C-B01F3DE74AC1,2017-12-13 13:20:27.900
72,DF253C20-F23A-4A8A-90B0-7B3A73E7718F,2017-12-13 13:20:27.947
73,BE19EFB4-A4A3-44D4-87D1-9D142DCD98A2,2017-12-13 13:20:27.993
74,ED91ED2B-D1BC-4306-B527-5350925D5C35,2017-12-13 13:20:28.023
75,B4C18FD0-6A48-469F-9B3F-8998F96FD042,2017-12-13 13:20:28.070
76,1C857FA7-B649-4EDB-B3C2-6A00CD0AA513,2017-12-13 13:20:28.117
77,AE5919A9-1223-4BA0-8EDC-1D74B9EF8ED6,2017-12-13 13:20:28.163
78,9AFF307D-977C-4E0C-A251-8B18AA5C5DDE,2017-12-13 13:20:28.210
79,AEA66160-A027-4A9D-BA33-03A5B9811984,2017-12-13 13:20:28.260
80,2B26690D-69B2-4E74-9E09-3AF38FA3F2B5,2017-12-13 13:20:28.303
81,5A37FEC1-E99A-4567-A81B-DFC56822CF30,2017-12-13 13:20:28.350
82,8016D7E5-6D5A-4D40-B737-6043EDA2CB0D,2017-12-13 13:20:28.400
83,F4F2785E-35F8-4AAC-9FBF-4BE04A1E4699,2017-12-13 13:20:28.447
84,CA809E5C-6ED2-4915-AB53-C97A1FEDF036,2017-12-13 13:20:28.493
85,A0ADA6A3-37A3-4EB8-9947-A2694FC41A66,2017-12-13 13:20:28.540
86,DBE8F59B-9406-42DA-AFB5-765051CEF944,2017-12-13 13:20:28.587
87,FAD9DEA3-D505-42B6-8DC3-C0B06EBEA73E,2017-12-13 13:20:28.633
88,C762032B-DD98-4A78-8E53-B0736B294BAF,2017-12-13 13:20:28.680
89,CBBE652C-5A29-4E36-9DDF-FF0859036C61,2017-12-13 13:20:28.727
90,4FEB5D3F-C390-4FE4-AF6F-0E367A8B439E,2017-12-13 13:20:28.773
91,05A1377D-E60F-4F76-8F0A-60AB36504E57,2017-12-13 13:20:28.820
92,478CD17A-BDAB-45B5-908F-DE28A9A1252C,2017-12-13 13:20:28.867
93,B99CD287-49D4-4FE2-A95C-5F43348054FE,2017-12-13 13:20:28.900
94,05211184-E660-4F39-92E0-76ACB6E861FE,2017-12-13 13:20:28.947
95,11A8DAB1-2A12-43FA-862B-65CC0A0289BB,2017-12-13 13:20:28.993
96,7FA5877D-34CE-4177-9225-1EDB7B9EB1B3,2017-12-13 13:20:29.040
97,E554AFA0-CAA9-4911-A8A8-718AE64E47C9,2017-12-13 13:20:29.087
98,724B11BA-4763-4962-9753-C83C3CDB1B54,2017-12-13 13:20:29.133
99,94CF606F-FDA5-4A3F-BC22-D84D8404ABEE,2017-12-13 13:20:29.180
100,B0828B9D-2F74-467E-8439-E512F1EA9D7B,2017-12-13 13:20:29.227
101,322E1105-6F1A-4D66-AB8E-9FF9F0B16CEB,2017-12-13 13:20:29.273
102,4DEB3443-FD33-43D1-9E22-D780BD72165F,2017-12-13 13:20:29.320
103,F1654DBA-1175-4793-9B42-F69E27A9BA67,2017-12-13 13:20:29.367
104,3A8C614D-D937-43F9-86B6-3583F0E0476F,2017-12-13 13:20:29.413
105,AB8E487B-0909-434E-94AD-A1EF0F6238D6,2017-12-13 13:20:29.447
106,7F227026-6F3D-4985-88F0-FE1FD6EAA6FF,2017-12-13 13:20:29.493
107,009A1303-FCA4-4CC8-9F08-C24027FBECF3,2017-12-13 13:20:29.540
108,6638DCE7-BAD4-43E9-A52E-C18F2F0C63C8,2017-12-13 13:20:29.587
109,5382FD16-F32C-42E3-B932-AA7AFE9234F7,2017-12-13 13:20:29.633
110,A91A3135-A305-4C51-A7C8-54ABFAB53073,2017-12-13 13:20:29.680
111,893F8B02-7864-48A2-9AF3-EAD465DECB4E,2017-12-13 13:20:29.710
112,0CDDA3A9-BDE4-4975-A0F0-880095420301,2017-12-13 13:20:29.760
113,8EA1DB76-B282-4E2C-AE69-241F9D0294C4,2017-12-13 13:20:29.803
114,DDE292F3-1A04-42E6-B31B-F567678A5294,2017-12-13 13:20:29.850
115,6400729C-07AE-42AD-988E-85DC36BC2C61,2017-12-13 13:20:29.900
116,B13BBC90-8DF1-4A77-AF7E-A0D2155E81F3,2017-12-13 13:20:29.930
117,04384F09-CF49-4754-9DBE-A84AD9A81A15,2017-12-13 13:20:29.977
118,8D5E05F0-8862-41A2-A18C-02C331F9EE4D,2017-12-13 13:20:30.023
119,B34358BF-9DD6-4485-BF08-849F567320AD,2017-12-13 13:20:30.070
120,625ABC45-F805-44D7-B5C0-CD5A1DA5C114,2017-12-13 13:20:30.100
121,6D064632-168E-48CF-BA9C-65A3AEAE8115,2017-12-13 13:20:30.150
122,BA460B32-6CAB-4B8D-A139-37F5E2596F16,2017-12-13 13:20:30.197
123,63AA7154-08D5-4186-B5EF-0FD7F54FDE87,2017-12-13 13:20:30.243
124,E97415BB-13E4-4B01-A2BC-5F3C686CE649,2017-12-13 13:20:30.290
125,A99340D1-0FDB-4FED-A93A-68CF35D03F37,2017-12-13 13:20:30.320
126,B638739C-E71A-43F2-BF82-2F7AFD659A5C,2017-12-13 13:20:30.367
127,12BD776D-88BC-445D-9D55-B5A28ABBF502,2017-12-13 13:20:30.493
128,170AA120-3014-4487-993B-403C74819ECF,2017-12-13 13:20:30.553
129,9991A7C0-F97A-4734-9E79-AADF6D7B672F,2017-12-13 13:20:30.600
130,BCFBA8D4-944E-4D2B-A433-E8FA9087EFF6,2017-12-13 13:20:30.650
131,BF960B01-A685-4A99-8CBD-27F89E1175EF,2017-12-13 13:20:30.680
132,D7260FA2-1905-498D-AEE7-95B3D41EEF61,2017-12-13 13:20:30.727
133,74707D78-7785-49EA-8613-F933154E8B93,2017-12-13 13:20:30.773
134,EE34DA35-F687-46E2-8257-D2241465C161,2017-12-13 13:20:30.820
135,F0498047-E0E0-451D-8602-C8E3C24B484F,2017-12-13 13:20:30.867
136,B0D6C1D1-ECF3-45D4-AD60-19D992AABD82,2017-12-13 13:20:30.900
137,13CEC9B4-1EBA-4EDA-98E3-E8A601E5C775,2017-12-13 13:20:30.947
138,FC2A21C7-4630-48E7-9D90-0DCCB8A09036,2017-12-13 13:20:30.993
139,1BFCF60E-4390-4F2B-8235-2EEAE7F24D33,2017-12-13 13:20:31.040
140,2B6F8A71-C0CC-4CC4-8ABB-8406E7AC2AD6,2017-12-13 13:20:31.070
141,2A5785FC-E012-4030-9D24-68C64978A04B,2017-12-13 13:20:31.117
142,D64D5203-5664-427C-A073-4B7DB8073F1A,2017-12-13 13:20:31.163
143,9AD2FB64-D48E-41BB-BCA7-DC72F0C5FC73,2017-12-13 13:20:31.210
144,CB23CA3D-838B-495A-A758-FE5AE307D538,2017-12-13 13:20:31.260
145,E72B275D-18DA-494D-95DD-8E20BBE6C84B,2017-12-13 13:20:31.320
146,6D7F901D-B593-43A9-BC4B-862D0A0BF3A3,2017-12-13 13:20:31.350
147,90842691-66FD-4988-98CE-C92A68ED87FA,2017-12-13 13:20:31.400
148,1D07190E-4C91-4082-8413-36E6BAF705C5,2017-12-13 13:20:31.447
149,767EB254-7E30-49C5-8FD6-94F21E3F52C4,2017-12-13 13:20:31.493
150,9FF9B7E0-C279-4D6E-9336-FF9CE7F4D84A,2017-12-13 13:20:31.523
151,C876455E-DE38-4BAC-B4B4-6AB03BFEDECD,2017-12-13 13:20:31.570
152,98F464ED-9838-4DFE-A400-9A31BA29D8DB,2017-12-13 13:20:31.617
153,A93B5B68-06F8-453A-9B57-C9E956000DE9,2017-12-13 13:20:31.663
154,D424E532-1465-4BA9-89C9-20A12348E8C3,2017-12-13 13:20:31.697
155,F11CA21F-881D-445B-A126-D879267BD29C,2017-12-13 13:20:31.743
156,30486482-CEE8-40D3-8571-C409641532FB,2017-12-13 13:20:31.790
157,230B2611-64FE-40F9-A10A-2C04A91B1EBE,2017-12-13 13:20:31.837
158,E3E6E837-EEB1-4877-ACEC-2C49F36A0B69,2017-12-13 13:20:31.867
159,512197BA-F616-4AF6-A228-FA160C5D072C,2017-12-13 13:20:31.913
160,9445D76C-F2DE-418D-8FAC-50882EAB7C1B,2017-12-13 13:20:31.977
161,7B044FF8-7BC2-42F0-B562-2254C0030981,2017-12-13 13:20:32.023
162,A60F7B2D-CB23-4311-AAFB-E3CBF1EBAC4A,2017-12-13 13:20:32.053
163,C869871A-1688-4666-8463-1D9E87EFBBBD,2017-12-13 13:20:32.100
164,AF98F7E9-8397-4DAD-A633-DC144705DBAD,2017-12-13 13:20:32.150
165,F1BB3072-A5D1-4C01-A251-1069061E6F53,2017-12-13 13:20:32.197
166,B872E25D-BB93-471A-84FD-D5D2D8F03676,2017-12-13 13:20:32.243
167,F7AE786F-AF08-453E-B5E0-E8B5E42D3150,2017-12-13 13:20:32.273
168,A1B55F80-E553-4C6E-91F9-7138DB1F507C,2017-12-13 13:20:32.320
169,42B09CA2-C4B9-4BC0-98C0-7A919CB5F927,2017-12-13 13:20:32.367
170,D1A619D4-42F8-4AF8-9693-6FA106C321AA,2017-12-13 13:20:32.413
171,39EFCC19-61AE-45A5-B6EB-53C3B5F303C2,2017-12-13 13:20:32.460
172,AD547247-18CC-4ABA-AB08-995A35D4C3E0,2017-12-13 13:20:32.510
173,6E564AE6-F8C7-4AF3-9AEB-4194B9D70949,2017-12-13 13:20:32.540
174,26B681B9-4FB6-44F0-9E63-36AAD6BFAA98,2017-12-13 13:20:32.587
175,27803403-5333-49B4-92BA-A56D570EFCCD,2017-12-13 13:20:32.633
176,28F7D26E-2576-42D5-A06D-D4F6DC037338,2017-12-13 13:20:32.680
177,268253E4-1B3F-4264-A013-997804BD01E9,2017-12-13 13:20:32.727
178,82EFF531-23A3-46F8-A9BD-F470470FD30A,2017-12-13 13:20:32.773
179,9A2AD0A2-9223-4CEA-B9BB-9B6480A11A6B,2017-12-13 13:20:32.820
180,AAE3BFF5-2E86-4358-955E-3BD11324F5C3,2017-12-13 13:20:32.850
181,DC696948-F748-4712-96C8-1E2C18935C25,2017-12-13 13:20:32.900
182,F684460A-DCCF-4478-A443-2186BCEDEAD4,2017-12-13 13:20:32.947
183,B5A475CD-800D-4A33-8450-FF1FE410CF80,2017-12-13 13:20:32.993
184,015CDD2F-3D01-4F1F-9789-7D62AC9E9227,2017-12-13 13:20:33.023
185,19F874AB-0F02-408C-AAC9-570B0DF59918,2017-12-13 13:20:33.070
186,5804CC5D-4AFA-41F2-8BCB-00617DFEEB8C,2017-12-13 13:20:33.133
187,FF4DF8A7-3ECC-4D24-84F5-392ED977ADAC,2017-12-13 13:20:33.163
188,1CA2A38B-1699-4F47-AF10-850427A8E5FA,2017-12-13 13:20:33.210
189,5843A9EB-2A14-44A5-AF94-537B14C3A53B,2017-12-13 13:20:33.260
190,1595C836-62BD-48C3-9AD3-61D58661402C,2017-12-13 13:20:33.303
191,69DE854D-8A21-46D5-B583-53141530904D,2017-12-13 13:20:33.350
192,CDEED287-63BD-4D42-B15C-EB1D844BEDD5,2017-12-13 13:20:33.383
193,45845F7D-180A-4F65-8B8E-5E2F3AC35DA3,2017-12-13 13:20:33.447
194,948F32E0-2780-4884-89D1-619B96800FD2,2017-12-13 13:20:33.477
195,9AC67717-6650-41DE-9836-337612F87D5B,2017-12-13 13:20:33.523
196,3BB274E0-68B7-4EF8-9F45-FD070BDC56ED,2017-12-13 13:20:33.570
197,062A8CBC-84D8-4F41-AE53-D739AEA15097,2017-12-13 13:20:33.617
198,7C0B4CEC-2C7F-4D49-A507-14BAB1B7AB0F,2017-12-13 13:20:33.663
199,13EBC325-44D2-424D-AEA8-28BCCED42683,2017-12-13 13:20:33.697
200,3AAB1FFA-956D-4F79-AAC0-F240C1359D6F,2017-12-13 13:20:33.743
201,907397D4-4710-449D-83A9-D9CA4021AA19,2017-12-13 13:20:33.790
202,11E04B5C-4A3B-4C31-87CD-93787C905539,2017-12-13 13:20:33.820
203,4D0C3900-751C-4A65-9269-B00B3E085087,2017-12-13 13:20:33.867
204,C2EEE138-D0A9-436A-AD97-0D2176E054F7,2017-12-13 13:20:33.913
205,C30D0250-C279-4ACE-A46D-8E8819115267,2017-12-13 13:20:33.960
206,D7595A2B-A71F-46CE-A31A-C4D360B3EF82,2017-12-13 13:20:33.993
207,E0683F43-E0FA-43A2-9892-7D2705A4C274,2017-12-13 13:20:34.040
208,013F18A7-9DC7-4369-B4FF-19D32E4F9FCE,2017-12-13 13:20:34.087
209,B0A924F4-A673-40C1-B723-3B9F1D5F0BAB,2017-12-13 13:20:34.133
210,E1A1BB05-8CE3-405A-BE3A-0DE5D9C24F60,2017-12-13 13:20:34.180
211,8142FC2E-AD40-406B-8EF1-6C6C8B1A2FFC,2017-12-13 13:20:34.227
212,B7F0E55A-5863-4E10-9516-9051311E0ACA,2017-12-13 13:20:34.260
213,EDCC91D8-5B5A-4BE3-9C81-AE9D04C9C0CA,2017-12-13 13:20:34.303
214,574ADE25-9454-4F61-B404-CED7AADDA2AD,2017-12-13 13:20:34.350
215,59F97269-7B61-44A9-A67B-BFC7895F6BD1,2017-12-13 13:20:34.400
216,A595BE1C-1D89-4632-9496-BFFF5B1C3744,2017-12-13 13:20:34.430
217,882CCD94-4E47-42DE-BC57-5B5EFFEAAB95,2017-12-13 13:20:34.493
218,B6BE4DAF-40D9-4115-A5AB-EF26C54E2793,2017-12-13 13:20:34.540
219,8CB98EBF-E8AB-4BFB-96EE-9EE5DEEFC2FD,2017-12-13 13:20:34.587
220,64674AFB-890E-4E89-BBB3-556B62CFC480,2017-12-13 13:20:34.633
221,9A224DCC-C60E-441C-83AF-F0F5BE37F19B,2017-12-13 13:20:34.663
222,C80A5EDB-9D50-4068-8BD6-33B852B88C2F,2017-12-13 13:20:34.710
223,D402856A-52CA-406D-97E1-2995512E5EB3,2017-12-13 13:20:34.760
224,1FEAC626-3D24-475E-BAEA-4C881195D04D,2017-12-13 13:20:34.803
225,57A8FF1E-FB01-45FE-AC86-85B3EFE5C22F,2017-12-13 13:20:34.850
226,403DA7DE-9ADC-4956-90E7-C94134B61AA2,2017-12-13 13:20:34.883
227,75C55015-B545-409D-B26D-19E07396C744,2017-12-13 13:20:34.930
228,053697DE-C943-40C1-8110-05DD1CD0FA66,2017-12-13 13:20:34.977
229,83862125-5FE4-4DF5-ADC0-99B5F19B033B,2017-12-13 13:20:35.023
230,BF26A118-AF93-4CB4-86B3-B534B5A114BC,2017-12-13 13:20:35.053
231,B0034524-C694-45E7-9C08-A1CDEE4C3834,2017-12-13 13:20:35.100
232,675F14B6-6A72-4923-8910-4C439AC56894,2017-12-13 13:20:35.150
233,80181EE8-3112-4F50-B08C-96FEB791E1CF,2017-12-13 13:20:35.197
234,14FA3AC7-EF52-47CF-B50C-D1B73690BAE8,2017-12-13 13:20:35.243
235,CA57FF4B-2C23-48DC-99D2-F87CE513D00F,2017-12-13 13:20:35.290
236,C90FC42C-F522-4FF9-BE28-8E1A25D96F62,2017-12-13 13:20:35.320
237,00F1E0FA-B6E8-4D7C-A398-C2F7D968F022,2017-12-13 13:20:35.367
238,5484F95B-E00B-432C-A8E6-8489285E9141,2017-12-13 13:20:35.413
239,79C3CA93-AD1C-4D2F-A0B4-C149C57844EA,2017-12-13 13:20:35.447
240,F6F5F020-1B93-4FE1-A815-2352FB9F9FB5,2017-12-13 13:20:35.493
241,E2980A60-7720-4066-BF48-0C389444D12D,2017-12-13 13:20:35.540
242,E5F56039-CA63-4CF0-B4E2-FB3FD7810B4E,2017-12-13 13:20:35.587
243,15C18B7C-AF2B-4090-BF73-0E3C94A8F63C,2017-12-13 13:20:35.633
244,DA989E89-3414-423A-99BC-C8244BB3E051,2017-12-13 13:20:35.680
245,DDA95382-8CB6-43EB-A981-77BD5B51816A,2017-12-13 13:20:35.743
246,ED8D012F-0979-4C86-8DA1-222C28D91C92,2017-12-13 13:20:35.803
247,4EDC09F8-4CF9-4C46-AAA4-5DC69B312733,2017-12-13 13:20:35.837
248,95E8F206-024E-4E69-895F-B484D03823D7,2017-12-13 13:20:35.883
249,4042AC9B-1CED-4C27-9B40-BE177545EFAB,2017-12-13 13:20:35.930
250,8714E9A6-7471-44A2-8BFA-E01A6BF577C7,2017-12-13 13:20:35.977
251,2DD92835-7A41-43A0-9917-6338F06F07B8,2017-12-13 13:20:36.023
252,16D3CB87-8B8C-4791-A875-B80FC515BDA3,2017-12-13 13:20:36.100
253,F6055D87-26D8-46E8-BB08-B36628130FB7,2017-12-13 13:20:36.133
254,BB1A6E8A-3225-4A65-B9B6-AD2A936AFB43,2017-12-13 13:20:36.180
255,39A4303B-CC01-47A9-B2B2-42E8EA2795C6,2017-12-13 13:20:36.227
256,8339DD38-3F06-4AF3-867D-13D4FF22B860,2017-12-13 13:20:36.273
257,6B8AAC10-AA96-4C82-9CB7-71556EE9A9B4,2017-12-13 13:20:36.320
258,9D4D1A47-AFD5-4C14-B404-9A7C8504307B,2017-12-13 13:20:36.350
259,45BA47D2-CDD3-4B17-B917-1CA832516134,2017-12-13 13:20:36.400
260,D23FAC8D-45FF-4BF5-A872-AF55261E1BEC,2017-12-13 13:20:36.447
261,1CA76B3B-FA0E-4AED-B764-366024FD7F2B,2017-12-13 13:20:36.493
262,92C4084F-2AB3-48D0-B8A0-29102DC167A2,2017-12-13 13:20:36.523
263,1EE0B664-61E9-4DE2-B4DD-6D8060CB7F5F,2017-12-13 13:20:36.570
264,1BB81C59-3723-4C2F-9E65-1686732876EB,2017-12-13 13:20:36.617
265,4E494E3E-F87D-47EB-8B3F-FF5295BB3E72,2017-12-13 13:20:36.663
266,3D512178-C4EB-490E-ACCC-5400822F0D5D,2017-12-13 13:20:36.710
267,8156E743-A130-4506-962D-AEC6D320AA4A,2017-12-13 13:20:36.743
268,C578AB51-730E-4EC3-8CA2-E233783C9B58,2017-12-13 13:20:36.790
269,4F4B17F1-FD5E-4C37-A8F8-2AF87355A7FB,2017-12-13 13:20:36.837
270,8154E29E-3778-40D6-BE1D-B7DE2A186D7D,2017-12-13 13:20:36.883
271,A7DBE34F-E4FF-485C-AA07-AD0AFE2EE8B2,2017-12-13 13:20:36.913
272,9B442CD5-E646-4216-BAB8-667CF6751E9C,2017-12-13 13:20:36.960
273,82F6E54D-1B95-4255-8AA8-1189ECAC6EF0,2017-12-13 13:20:37.010
274,8924FBD8-F936-4749-BFF3-13502FC55A9F,2017-12-13 13:20:37.053
275,72364A62-DEF6-4949-86A5-1B0D1B6151FF,2017-12-13 13:20:37.117
276,E3E2944C-EA8D-4F30-8BF7-49D13D149D9A,2017-12-13 13:20:37.197
277,3F9A4D05-95A2-4BDA-BBB1-92CB8C6AABE0,2017-12-13 13:20:37.587
278,C94C9975-0CAF-43D2-A6AB-05075611D89C,2017-12-13 13:20:37.727
279,77E75804-59AE-4333-AB41-3297E3D9812A,2017-12-13 13:20:37.790
280,179FDFAC-E19F-4C5D-8F50-0C1DA54C7D51,2017-12-13 13:20:37.850
281,1D4475B7-0B4B-4AFF-9B2E-A9F3D0ADCA48,2017-12-13 13:20:37.913
282,6ED3DF0A-E858-4500-8952-961227BC5E57,2017-12-13 13:20:37.960
283,A8CFACCE-F2E8-4F31-8A66-0FBA0BC4599C,2017-12-13 13:20:38.023
284,A99C4B37-0A36-49DB-B5F7-FB843F04233D,2017-12-13 13:20:38.070
285,531A2D2B-C4B1-43B9-AC07-DD69DBB64C4F,2017-12-13 13:20:38.133
286,32BE9103-B6DA-4544-BCB0-B9BADE5785F6,2017-12-13 13:20:38.180
287,D7D20616-C4C7-43C8-9FB8-7EBA84AAD8E1,2017-12-13 13:20:38.227
288,76B248EE-CB77-48E0-948C-D2CFDE3E1D31,2017-12-13 13:20:38.290
289,3A0E742D-08C1-4034-AE71-54577EB2B092,2017-12-13 13:20:38.337
290,DE909360-485D-4FC5-9935-BEF2074E7493,2017-12-13 13:20:38.383
291,D4B6BBE9-DAF2-4887-8180-F5F433842E9B,2017-12-13 13:21:02.150
292,0565AB52-6EAE-4683-8366-2DD7818BC68F,2017-12-13 13:21:02.197
293,8BE2FA2F-670C-4358-BD68-29610F966F58,2017-12-13 13:21:02.273
294,F0E5E74F-530B-4232-BCB2-99E204049BB0,2017-12-13 13:21:02.303
295,FC9D3815-660F-47B1-A33A-E3AF35234F46,2017-12-13 13:21:02.337
296,0419C89A-B2E4-46A5-A46E-C8B72FE6839D,2017-12-13 13:21:02.367
297,C94DCC71-3C48-48C2-A505-EAEC39B4692F,2017-12-13 13:21:02.400
298,83C0155B-6515-4390-9765-A08BFCE2A1AD,2017-12-13 13:21:02.430
299,23B56C4F-4993-4B11-AC15-74BA8E8055D4,2017-12-13 13:21:02.460
300,6FC1DA1D-1E8D-4153-8DA6-62D9FD4818DA,2017-12-13 13:21:02.493
301,01925A04-E055-4E81-8CC6-DB7098D61D8C,2017-12-13 13:21:02.540
302,F5A89F8C-D932-4B8F-9063-910DA4A63B57,2017-12-13 13:21:02.553
303,5E2D6A7D-6B81-407A-A377-14EE479D1107,2017-12-13 13:21:02.600
304,C05B33A7-E0E7-4ABF-AE65-27244DC9C546,2017-12-13 13:21:02.617
305,323F8A4B-8698-41AF-9751-BE846B715CAD,2017-12-13 13:21:02.663
306,E77EEFC2-D5E8-4893-8F1B-E50191750479,2017-12-13 13:21:02.680
307,2D343839-261D-461F-887A-E17777724EED,2017-12-13 13:21:02.710
308,BD90EE55-C7F7-4C91-A04F-033CE4128C8E,2017-12-13 13:21:02.743
309,DF2CE1B8-D255-4482-8E35-E395516AF99D,2017-12-13 13:21:02.773
310,3C37A4CF-7D8D-4171-A6F5-9F7554BE7B6B,2017-12-13 13:21:02.790
311,6E363E22-5168-4F65-84C0-A85A026ED272,2017-12-13 13:21:02.837
312,D0D01F6C-0B3C-4FA2-B81B-770205239662,2017-12-13 13:21:02.850
313,CE7BCF15-57CA-4B2F-86F7-B0E2AA9481A4,2017-12-13 13:21:02.900
314,0809A216-2E0F-4CA0-BDC3-EF5E7397E749,2017-12-13 13:21:02.913
315,07F8E708-5031-4307-BBF3-9820BA05E887,2017-12-13 13:21:02.960
316,89D19746-4AE3-400D-BA97-181B5AAED5AE,2017-12-13 13:21:02.977
317,95FBFE77-12A6-4AE5-939C-0A6A151DD1A5,2017-12-13 13:21:03.010
318,D80395FE-7E50-4E7B-85D0-1420AAA8E184,2017-12-13 13:21:03.040
319,8F88E3FA-42DD-440D-94B7-F2371370278C,2017-12-13 13:21:03.070
320,C32C488C-B5F1-4C2C-B1B4-A659134FB035,2017-12-13 13:21:03.087
321,99AC45AF-E77C-45E9-B0E9-151144FF8211,2017-12-13 13:21:03.133
322,E542A3B3-4548-46B0-A054-102E9E2E42B3,2017-12-13 13:21:03.150
323,8F1700E5-6E3D-45A6-8543-73B3B3C9CC3C,2017-12-13 13:21:03.197
324,1020EC8E-37D1-416C-8937-3D40001DE808,2017-12-13 13:21:03.210
325,F8E13382-3F2A-461A-B551-9EACEB86745B,2017-12-13 13:21:03.260
326,2A570812-D67B-49B5-86BC-87ADF8347E25,2017-12-13 13:21:03.273
327,0F06B7D6-BE2C-4099-9853-9495FC280853,2017-12-13 13:21:03.320
328,3DC17F76-7873-48B4-8DB4-D02E1FB78FEE,2017-12-13 13:21:03.337
329,A0DE7918-6318-4739-A511-E3BB9E7EE3DD,2017-12-13 13:21:03.383
330,2B6AB4CC-ED13-47AA-A06D-2D8580E5240D,2017-12-13 13:21:03.400
331,C4F5A220-87BC-4AA8-8147-76601F2F1D6F,2017-12-13 13:21:03.447
332,EDA2D976-60B4-48A1-A851-932CF5694BF9,2017-12-13 13:21:03.460
333,4173AF10-BB41-4988-BA30-409349F205D7,2017-12-13 13:21:03.493
334,3C3C9871-CAC4-46A9-92F9-EB3B12CF9316,2017-12-13 13:21:03.523
335,23C221F9-374A-41B9-8DCC-A365359FC138,2017-12-13 13:21:03.553
336,3C127371-8D38-44D4-8C36-7F15DB0DF569,2017-12-13 13:21:03.570
337,E18443DF-17D2-4CBE-94AA-E618BA29684A,2017-12-13 13:21:03.617
338,5BB86D0A-AD18-43BA-A6EC-0BD02F751FC7,2017-12-13 13:21:03.633
339,C9545E11-90E7-4D92-AD3C-C3502ABB4A98,2017-12-13 13:21:03.663
340,DD47D5FB-9695-4F5B-B3D7-54E4063F552D,2017-12-13 13:21:03.697
341,25087009-CC3B-4C9A-BCDF-B6C4FDA17FAE,2017-12-13 13:21:03.743
342,9B8F3F07-00ED-4779-8325-96E5FBE10917,2017-12-13 13:21:03.760
343,13F75E9C-CEA0-4A7E-A3B5-09E19A27A572,2017-12-13 13:21:03.803
344,1014D2F0-6289-42A8-B3FF-246E0F644D7A,2017-12-13 13:21:03.820
345,CF3166BC-6D7F-4FA0-B354-E3496116E68F,2017-12-13 13:21:03.850
346,D9457BF5-06D7-4F13-9878-253C93E3B20F,2017-12-13 13:21:03.883
347,E6B7300E-EA00-4BCD-8957-99273219C3E4,2017-12-13 13:21:03.913
348,BD18CD7F-FAA2-47BD-A0E3-7123697ADAE5,2017-12-13 13:21:03.930
349,06800883-B6AB-4A30-B2EC-1F7191FDAA52,2017-12-13 13:21:03.977
350,60947346-5219-4B90-8124-2B8E0AEDC0A1,2017-12-13 13:21:03.993
351,1F89ADF3-793E-4953-9261-7688059934B1,2017-12-13 13:21:04.040
352,01A2A0D5-DA2A-4160-965C-796AC27354C9,2017-12-13 13:21:04.053
353,C1893A32-12AD-4EB2-9E08-E771905879A8,2017-12-13 13:21:04.100
354,0E59FEEE-ADCB-4D25-A781-12259FC0A149,2017-12-13 13:21:04.117
355,E10E49DC-219F-4FBF-B959-5E324FE793CF,2017-12-13 13:21:04.150
356,3811D2F5-4C1C-481D-8CD3-59FE3BAC9118,2017-12-13 13:21:04.180
357,14E1B6D1-BF2A-4B1E-A81C-44929CA09708,2017-12-13 13:21:04.210
358,1CD1BDD8-145E-433C-9D9E-F937DC0D5698,2017-12-13 13:21:04.243
359,4B61BFC4-9618-4A49-B94B-4B75EC509DFA,2017-12-13 13:21:04.273
360,7798951C-4953-4BB7-91EE-DC7C99B7A399,2017-12-13 13:21:04.290
361,0E6F69A4-3787-4898-ABAB-0AA48D17190E,2017-12-13 13:21:04.337
362,9919FE48-2ED6-4F55-885A-5F9D867A5251,2017-12-13 13:21:04.350
363,BC981B20-490A-4000-B3EE-34EEF8B0797E,2017-12-13 13:21:04.400
364,9B85399D-B65F-4519-B7CD-526A44C6CA5E,2017-12-13 13:21:04.413
365,8CA38954-C3E0-4A41-9FB1-3F24D6AEA483,2017-12-13 13:21:04.447
366,0D59A5AC-9076-4FF7-8D47-4BFFF42A0DE3,2017-12-13 13:21:04.477
367,27CB7BF6-731F-4FCC-BBFC-62C9FFF12ABC,2017-12-13 13:21:04.510
368,7C10CC88-ECA6-4052-8946-6AF830F2D21E,2017-12-13 13:21:04.523
369,7D3D3A55-B520-4F0A-95EA-B76FE7A26293,2017-12-13 13:21:04.570
370,28232824-3840-471F-8B47-E95BEB16CE44,2017-12-13 13:21:04.587
371,CC079DF4-2A79-4E54-9225-818BAD5854BA,2017-12-13 13:21:04.633
372,906FAC00-4808-4A34-913B-F804ABF69B6D,2017-12-13 13:21:04.650
373,05BEE9EE-C963-4FC2-A754-C9E254DCD06A,2017-12-13 13:21:04.697
374,AFB62D32-E73A-4DB1-A0DF-DB8ABACF215C,2017-12-13 13:21:04.710
375,635EE5C7-2C90-4EB7-BBAB-E5DE12AC6F05,2017-12-13 13:21:04.760
376,D2B24CC1-4096-4BEC-B390-669D4C3F3AD7,2017-12-13 13:21:04.773
377,676D47BA-3BCA-4420-A3AF-BCAA4BFF8622,2017-12-13 13:21:04.820
378,FBFE0DAE-294D-4525-A2BD-44EBEEBA9D3F,2017-12-13 13:21:04.837
379,011F07F8-8D73-418E-8DD3-2C7CD27F6DD6,2017-12-13 13:21:04.867
380,70DD10B0-F58F-4DDF-B7A1-5B482777BA0E,2017-12-13 13:21:04.900
381,08EB0647-55AC-4983-9022-15D876745871,2017-12-13 13:21:04.930
382,BFA635BB-DD7F-40D1-B681-7312C46EDFDD,2017-12-13 13:21:04.947
383,83446133-C1DD-4655-A22C-78D36EA37518,2017-12-13 13:21:04.993
384,D24F56B8-1F28-4C2C-AFDF-7BAED6D9687B,2017-12-13 13:21:05.010
385,D708460C-0CD3-4237-8ED9-4C1F86CD1A17,2017-12-13 13:21:05.053
386,09A3C235-7133-49BA-9019-438F0920631E,2017-12-13 13:21:05.070
387,1603367C-EF5E-4460-9840-7B333C16D241,2017-12-13 13:21:05.100
388,F2BD5A5D-9F2E-4351-9037-82C7205D5ED1,2017-12-13 13:21:05.133
389,9B03FA59-F653-4899-BBFC-AE38D736B043,2017-12-13 13:21:05.163
390,4F869EAC-C429-4820-BAAA-43F999F824D4,2017-12-13 13:21:05.180
391,9E7AAA33-5BCB-49AC-A877-968454968CDA,2017-12-13 13:21:05.227
392,913D81C1-5D27-422A-A062-A992EBC4D3FF,2017-12-13 13:21:05.243
393,C27E09CE-9AD9-4FFF-8D15-1FFEF129E6BD,2017-12-13 13:21:05.290
394,DDA0DF30-9DD0-44FD-87CC-8362AAFB6AAE,2017-12-13 13:21:05.303
395,0ABFD7EE-CFD0-4F94-B826-630585269869,2017-12-13 13:21:05.337
396,AD3DF5CE-9D53-4DE6-80DE-6B9F32A47FBC,2017-12-13 13:21:05.350
397,907EE2DB-2639-4469-AC02-C9CF95882E3A,2017-12-13 13:21:05.400
398,E9E416DD-C679-4D6E-8979-4BAC2FEA10ED,2017-12-13 13:21:05.413
399,961210D3-0B6F-48FF-8529-9463EE14B16A,2017-12-13 13:21:05.460
400,27B66ED5-155A-4C40-94B9-C0AF300C8199,2017-12-13 13:21:05.477
401,C8F66366-A244-4383-B718-9DEF43F90DE3,2017-12-13 13:21:05.510
402,E2CA0C26-ACF5-4C37-8BAA-E9FDB25A66E6,2017-12-13 13:21:05.523
403,BA25C3B7-FECE-4782-A9E4-FC8A2CC7DF83,2017-12-13 13:21:05.570
404,DC99CE3D-BA48-4074-925C-A15EBC584E5B,2017-12-13 13:21:05.587
405,362733FF-CF36-49BE-AE1B-D712A29479DB,2017-12-13 13:21:05.633
406,5C6B6E7E-D417-49E2-8B88-BF16329EA70D,2017-12-13 13:21:05.650
407,D4B84884-010B-4D56-98D7-E29BD23C4BC8,2017-12-13 13:21:05.680
408,7F886527-56E4-4451-A274-64213179E607,2017-12-13 13:21:05.697
409,026D4EA6-3BD0-4E2F-97CF-580FEAAB47F4,2017-12-13 13:21:05.743
410,20AD5EB2-5D88-4C06-8924-CBC46A0A580D,2017-12-13 13:21:05.760
411,2BE1A84C-E1C2-4440-BF40-512266F14913,2017-12-13 13:21:05.820
412,5370E01C-A9AD-4873-855B-9C209BF21C8D,2017-12-13 13:21:05.850
413,30936495-F822-4DAD-B521-EA513D4ECF25,2017-12-13 13:21:05.883
414,CBCB3829-2DD6-4447-8C7A-E12D08C66C6A,2017-12-13 13:21:05.913
415,718180A8-AC84-46EE-9AE7-9684A294AE46,2017-12-13 13:21:05.947
416,5EC7C9C4-933A-4120-9A3A-31E2E96C3DEB,2017-12-13 13:21:05.960
417,FA0DE05F-AFED-4722-B41F-0E1A54FF4509,2017-12-13 13:21:06.010
418,16CBCB29-5673-4577-BDBB-F0568D75E19E,2017-12-13 13:21:06.023
419,039CFDD9-0D4A-4290-8A1B-22893332997D,2017-12-13 13:21:06.070
420,BD8BBF09-A50A-4E51-9686-EF34F00AFEF2,2017-12-13 13:21:06.100
421,6F4498F1-7C35-4C17-AB30-FD4E8CE2B82A,2017-12-13 13:21:06.150
422,2C63A352-2515-4B6B-98A9-2163F4EF1813,2017-12-13 13:21:06.163
423,055E6EEE-81E3-4EF3-9433-C10B4329F289,2017-12-13 13:21:06.210
424,42BAA882-3E09-4576-A31C-93BFD45A3AF3,2017-12-13 13:21:06.227
425,65CC15C5-A48C-4D3F-8930-C1F243A7A59C,2017-12-13 13:21:06.257
426,49608513-F3AA-48E6-98BB-5DDF23A4C0F0,2017-12-13 13:21:06.290
427,06CF232A-E10B-4620-9292-E8E9BD8B966F,2017-12-13 13:21:06.320
428,543EA283-7102-4E19-89B3-1D49CFD857AF,2017-12-13 13:21:06.337
429,DA823521-ED31-45EC-8A73-5B38F3AC238C,2017-12-13 13:21:06.383
430,13618287-5B49-456A-A498-971602A95B1D,2017-12-13 13:21:06.397
431,3DA88B45-E166-4FBF-BAD4-527A39B2AAF9,2017-12-13 13:21:06.443
432,012F2FF1-BC1C-4926-AA41-659B8B41BB31,2017-12-13 13:21:06.460
433,8FDE6E85-9819-4177-93F7-20FD4FB07B83,2017-12-13 13:21:06.490
434,C93A2658-580D-4E76-BCAB-E0CDDD237C75,2017-12-13 13:21:06.507
435,39E88BC4-0714-4695-908E-B46F7CBBEC49,2017-12-13 13:21:06.553
436,EBD3E812-B9AE-489D-AB19-27168D7A9482,2017-12-13 13:21:06.570
437,A08D40CE-E422-4CDC-8378-82A162A72B82,2017-12-13 13:21:06.617
438,C2CD44B4-9A74-42A1-95B0-5C6867159AFC,2017-12-13 13:21:06.633
439,C81D92BC-C224-44A0-8626-6BD235108AA2,2017-12-13 13:21:06.680
440,E511F86F-FF9A-42AF-9BD6-E79722C6F2AA,2017-12-13 13:21:06.693
441,FC5A1F7F-E9C1-4B1A-A6D8-9EABF7605C77,2017-12-13 13:21:06.727
442,CCAB9988-8C5F-4311-99BF-F0AF2397DDA6,2017-12-13 13:21:06.740
443,B9071744-6D91-482E-ADCB-E96F8292B00A,2017-12-13 13:21:06.790
444,2251E268-9F7F-42B0-B662-319167AB5EBD,2017-12-13 13:21:06.803
445,5BC645CF-6915-4C80-ABC4-4425D62044A2,2017-12-13 13:21:06.850
446,F195365B-EC2D-4219-8233-D26EB9A12EB5,2017-12-13 13:21:06.867
447,13B5D976-3394-4087-BC9C-51710420DD0B,2017-12-13 13:21:06.897
448,DB737060-C2B8-4518-81D2-66EB5E5E05B8,2017-12-13 13:21:06.913
449,D45692F5-6590-46B9-9F15-54244640111C,2017-12-13 13:21:06.960
450,8315B42E-B299-4DE9-A8C4-9A4B4149BFD2,2017-12-13 13:21:06.977
451,D96D267C-14EF-4FE0-ACA0-FA28D2521658,2017-12-13 13:21:07.023
452,0A1B5286-0E8C-41B7-999B-40791F8BDD1E,2017-12-13 13:21:07.040
453,ACCE0784-036D-4756-84D8-D3FDD8018237,2017-12-13 13:21:07.087
454,4D042198-AEAB-40E6-8DEC-676351A33591,2017-12-13 13:21:07.117
455,1A05981C-AEB6-48E2-A990-E2D8F0163B91,2017-12-13 13:21:07.147
456,BA3B202C-231F-4D0D-B636-881FAC1543D6,2017-12-13 13:21:07.163
457,409FD25E-F218-4A40-AC68-583990FC9550,2017-12-13 13:21:07.210
458,C1484158-A6D7-48D4-9E1C-A4C313F615B1,2017-12-13 13:21:07.227
459,B28076A8-1B53-4C5C-8395-6CD1FACC2E8E,2017-12-13 13:21:07.273
460,37EC1068-6807-450E-AF7F-57E3A1BF4891,2017-12-13 13:21:07.290
461,D1E73E14-5DED-496D-8EAD-3469FE3A08B8,2017-12-13 13:21:07.320
462,1D63E5EA-9EB1-4D94-A314-158688BDFD11,2017-12-13 13:21:07.337
463,34AA0A7F-6138-44BF-8847-7D58B7CFB498,2017-12-13 13:21:07.490
464,B2ED8DC7-F507-4378-9192-E6DB8DF2E065,2017-12-13 13:21:07.647
465,0F6B415E-E64C-4DDA-8E60-E2897A2A58B1,2017-12-13 13:21:07.727
466,48A802DE-2486-478B-A09E-6FA1482877A7,2017-12-13 13:21:07.740
467,931FBC69-C61C-4119-8A36-8C19558C0863,2017-12-13 13:21:07.790
468,AD327D0F-3508-4AA8-8F1A-773DAE0C4B80,2017-12-13 13:21:07.803
469,235E335E-CCB9-4432-93BF-CE216C2815AC,2017-12-13 13:21:07.837
470,8AED2B05-0B49-45F2-A68F-D5833DBE427A,2017-12-13 13:21:07.867
471,93807353-1F2E-4BA1-8491-1065CE7051BD,2017-12-13 13:21:07.897
472,EF6526F5-3ED2-4711-A8EC-2AADB5BF0677,2017-12-13 13:21:07.913
473,428B65F7-45EE-4A00-8E1E-554195E9F4D4,2017-12-13 13:21:07.960
474,46404DE9-F51E-4335-9F65-1762CDF5F6E7,2017-12-13 13:21:07.977
475,DE36729F-AEAC-4890-9588-D007D8B5D9EB,2017-12-13 13:21:08.023
476,AB64ADF3-0D0E-424D-9E33-024565E79F70,2017-12-13 13:21:08.040
477,4FBAB8C0-1DD0-4CB0-9285-E8A9ECAF532D,2017-12-13 13:21:08.087
478,14441D8F-983B-4F06-B8EF-D4E8FF853B8E,2017-12-13 13:21:08.100
479,7911863D-A37B-4A9F-99F2-0EDAA17AE433,2017-12-13 13:21:08.147
480,23516361-DEAE-4453-A42C-B9D32E4EDA64,2017-12-13 13:21:08.163
481,B29ABCA7-4001-4ACD-93E0-796E2E22BB8D,2017-12-13 13:21:08.193
482,66AA8659-8AFE-4A2E-B909-796872C409AE,2017-12-13 13:21:08.227
483,9C01520D-8ECB-4202-9E8E-160A6AD837AD,2017-12-13 13:21:08.257
484,79BAE836-D16E-4E30-8CEC-2F4DA9DB006B,2017-12-13 13:21:08.290
485,07F4DC97-3E33-4759-BFA2-C4CD2D509885,2017-12-13 13:21:08.320
486,E124927B-6E4D-4516-B5B9-AD3468D335AB,2017-12-13 13:21:08.337
487,808E01ED-0CA8-401A-B83A-7F558B2B7D91,2017-12-13 13:21:08.383
488,DEF1284D-1017-4A10-BEFB-6705184E04D9,2017-12-13 13:21:08.397
489,AAE09177-A063-43CA-972A-89118445D143,2017-12-13 13:21:08.430
490,F940ABC6-9A30-4675-B97A-7561671BF099,2017-12-13 13:21:08.460
491,0F2FB508-B112-458A-A623-54B96AA86B5B,2017-12-13 13:21:08.490
492,5A919916-5497-4CEA-A595-421D740ED01C,2017-12-13 13:21:08.507
493,37D922F0-1E96-488D-BEDB-B6D1171C3BA2,2017-12-13 13:21:08.553
494,26B54E98-6336-43AB-A4AC-E28951B42CD7,2017-12-13 13:21:08.570
495,77D8FE55-B5D0-44CA-B5A3-752AD3E469CC,2017-12-13 13:21:08.617
496,3703743C-BC65-4980-A9A9-C57743A2E487,2017-12-13 13:21:08.633
497,BA398347-E285-4935-847D-9FF9EA757652,2017-12-13 13:21:08.680
498,D9EB3928-3794-4C5C-AA28-0D27B22DC9C2,2017-12-13 13:21:08.693
499,950DE16E-66A9-49EA-9CB5-35A3BF94B9EC,2017-12-13 13:21:08.727
500,08DEA37D-3620-47EE-9AE9-5E4EAE689BAE,2017-12-13 13:21:08.740
501,6FECC50B-6164-444A-A8A0-995C55D65CDD,2017-12-13 13:21:08.790
502,AFFC858F-CD66-47DB-8CB1-612F8D248BEF,2017-12-13 13:21:08.820
503,E1A39DCD-FE8D-415B-B255-53AFFD405601,2017-12-13 13:21:08.883
504,B919CCF9-4C2E-4AC4-B964-4AC54C19C0F4,2017-12-13 13:21:08.897
505,898D6D1A-9701-4AF7-9890-0B3E09E91C6B,2017-12-13 13:21:08.930
506,B448884C-FED2-4100-9472-543E01ADEB54,2017-12-13 13:21:08.960
507,20148AD4-2C9F-434C-9B56-EF2E3AE23AE5,2017-12-13 13:21:08.990
508,A937C4DC-F1C0-4420-A5B4-601C5DDD587D,2017-12-13 13:21:09.007
509,60C5AB80-7EFC-4DD4-BC9F-321DD8E0EF51,2017-12-13 13:21:09.053
510,8510CC66-D5CA-4FAA-8E1E-1EEC8B837B5F,2017-12-13 13:21:09.070
511,E0EC3E6B-AB40-40AA-BA5A-A812C4C9930E,2017-12-13 13:21:09.117
512,18F1694D-F005-402B-90D0-BB8238B70D17,2017-12-13 13:21:09.133
513,61858D89-6474-45A1-A977-4B1BD161DC6E,2017-12-13 13:21:09.193
514,2696C78C-EC97-43DB-9D36-18496F5FD1D9,2017-12-13 13:21:09.210
515,174D4AA3-04F1-4D46-98F9-59BC8EB185BF,2017-12-13 13:21:09.257
516,B36E231B-EF28-48C8-8364-D72B3F7912BF,2017-12-13 13:21:09.273
517,A696A95E-45FF-4773-9DC6-596E9A692F4E,2017-12-13 13:21:09.320
518,DC24A19C-F55E-48E5-8A8E-ABEEB3275477,2017-12-13 13:21:09.337
519,17F66927-2B28-4B47-9EF1-69B784D68176,2017-12-13 13:21:09.383
520,40D7D9B9-ACE3-4EC6-981E-8D28A2B95EE7,2017-12-13 13:21:09.397
521,DB41F9A8-DD45-4407-BC23-F54D052661E5,2017-12-13 13:21:09.443
522,42855243-CA6D-4634-82FF-32ABFE58DD4F,2017-12-13 13:21:09.460
523,11205358-53F2-497E-832B-11A391DE5AA0,2017-12-13 13:21:09.490
524,27C39F90-05AB-4B22-BA82-2EB475C2B166,2017-12-13 13:21:09.523
525,5144E0FB-F6C0-442C-B6AA-FABDF7ACC265,2017-12-13 13:21:09.553
526,6D0E15E6-C8D5-45F1-96B0-3DD8D7458DFC,2017-12-13 13:21:09.570
527,7F302B3D-B61D-4790-B5C6-137065191793,2017-12-13 13:21:09.617
528,431A0F45-CD00-4182-88E4-814ECFB04F2A,2017-12-13 13:21:09.633
529,74D8527F-81BE-45D3-A6F0-3750E22E805B,2017-12-13 13:21:09.680
530,4DD450B1-6F8C-4597-81DC-217475806605,2017-12-13 13:21:09.693
531,E13B82CD-BBF9-4538-AE21-45EAC2388E33,2017-12-13 13:21:09.740
532,DFE536C3-839F-484F-8058-56E4BC544994,2017-12-13 13:21:09.757
533,A4FA33AC-8CDC-4844-BC78-F8C25DF23063,2017-12-13 13:21:09.803
534,B72D886F-D95D-4CC1-BA27-05F503A193BA,2017-12-13 13:21:09.820
535,44641BE2-1E5B-45A6-8F52-67352528CFD1,2017-12-13 13:21:09.850
536,DBCA83AE-3363-424F-BD72-247D4847C3AA,2017-12-13 13:21:09.883
537,9408BF8A-02B7-4492-B4BB-3627AE5795ED,2017-12-13 13:21:09.913
538,CB369F11-6FC5-4365-BA95-47B9011894DF,2017-12-13 13:21:09.943
539,4793278B-80FE-43AE-B50B-7EDFFEB1C464,2017-12-13 13:21:09.977
540,FF33A822-7DF5-4A74-827B-2B7E09C45B41,2017-12-13 13:21:10.007
541,0350A136-5A8A-49AE-83C4-0155CE4FEB08,2017-12-13 13:21:10.040
542,AEC47DCD-92DE-4BFB-89AF-4D2917B9F875,2017-12-13 13:21:10.053
543,73D2F332-A2D9-4F6A-BA3F-29A684D3A2D5,2017-12-13 13:21:10.100
544,453827FB-B58B-4FA1-8084-F88683FA9B03,2017-12-13 13:21:10.117
545,7243C129-81F2-4B9F-A86D-5FAE02BA938D,2017-12-13 13:21:10.163
546,745AFBE7-4B7F-426F-AE4A-392EAA58CAC3,2017-12-13 13:21:10.180
547,E51A92F3-F14E-4710-AD61-FB12B36411A0,2017-12-13 13:21:10.227
548,4084D9D8-47B8-422C-95B3-849EF0B7A829,2017-12-13 13:21:10.240
549,ED4A9742-7E4A-4020-9AFD-B01F57914EB5,2017-12-13 13:21:10.290
550,36F26B90-1956-4ECF-B43A-8838F9273505,2017-12-13 13:21:10.320
551,0AD1A982-7A9E-4782-8702-57CE38C24A5E,2017-12-13 13:21:10.350
552,39B98589-5871-4B64-B119-889FF1D22484,2017-12-13 13:21:10.367
553,18ADCC83-259A-495E-A0EA-93B1863E8AC7,2017-12-13 13:21:10.413
554,F093D91E-D68F-4F16-9B24-3D6B31551C92,2017-12-13 13:21:10.443
555,DCA0E124-76A1-408B-8A7A-ABA42F9D928B,2017-12-13 13:21:10.477
556,9BF1EF87-7E95-4136-91F0-8C49E0A209D7,2017-12-13 13:21:10.490
557,EB42F64C-0195-477A-96B5-C05C2834E2D6,2017-12-13 13:21:10.540
558,BF90612E-99F9-45C3-A745-68FE8FF150FF,2017-12-13 13:21:10.553
559,43748C25-1CBA-4528-9F83-109FAA41494C,2017-12-13 13:21:10.600
560,CECEDDD3-1B57-4D4B-89A5-CD96BCD8CF67,2017-12-13 13:21:10.617
561,64517313-444F-4F54-BA10-7C8B2E6C923B,2017-12-13 13:21:10.663
562,2BEB0C9C-FE10-456C-AD3E-CEBFF766E8F7,2017-12-13 13:21:10.680
563,C61697C1-9D7C-48A9-AF98-AE6D064501D2,2017-12-13 13:21:10.727
564,E5058F07-4136-4BCC-B999-F190F7655BF4,2017-12-13 13:21:10.740
565,66074254-017E-4920-9EA0-3AA52855BAAE,2017-12-13 13:21:10.790
566,0C963B46-4C46-47CB-888C-AC9530995DB9,2017-12-13 13:21:10.803
567,2F2A9181-0790-4945-86AC-5EF6942AAEBC,2017-12-13 13:21:10.850
568,E786FA8A-BB75-4CC7-A297-3B5B6D1509D6,2017-12-13 13:21:10.867
569,CF185C68-11D5-4398-AE34-3AE468D2BB04,2017-12-13 13:21:10.897
570,07B26902-4356-4BAB-B78C-3FA4801E677F,2017-12-13 13:21:10.930
571,792DE763-274B-4C05-BBE2-06260C741DCE,2017-12-13 13:21:10.960
572,7976AB1E-1D9C-482A-8BB2-5EE224AE7A2B,2017-12-13 13:21:10.977
573,562861A4-DE3E-4433-9A51-38BA4485D4BC,2017-12-13 13:21:11.023
574,EE1F7CF8-9430-4069-B21E-5645B3E38D03,2017-12-13 13:21:11.040
575,AA0EB4C8-CD6F-4C42-8D98-A6D1456B6BE6,2017-12-13 13:21:11.087
576,45BD8870-EC23-4302-8EA7-EFCF8ABC491B,2017-12-13 13:21:11.100
577,BED2C52C-D615-4935-A972-E96549A1979F,2017-12-13 13:21:11.147
578,F7351A2D-3263-4E86-82BB-0FDA431968CC,2017-12-13 13:21:11.163
579,BF1C2270-EF57-45AA-8CA0-A9059FCBABCE,2017-12-13 13:21:11.210
580,AA973539-1FAB-433D-8B18-7503038F1D88,2017-12-13 13:21:11.227
581,2864BF6A-8663-4A50-8C5C-28DEC9030881,2017-12-13 13:21:11.273
582,C1D11802-B1DC-400F-B7DA-8B900587A28D,2017-12-13 13:21:11.290
583,E0C05833-077A-46A1-9AFA-90D59E4E0D58,2017-12-13 13:21:11.337
584,5A2CF5AF-034F-462C-AB7E-D7854A2208C5,2017-12-13 13:21:11.350
585,20EB1E19-7F9C-4B88-B908-678864B947AB,2017-12-13 13:21:11.397
586,A5AFD4F1-2F13-4501-897F-ED8F9101C203,2017-12-13 13:21:11.413
587,B1A435D8-BC5B-41E3-865C-9AC26BBFF99F,2017-12-13 13:21:11.460
588,32894551-F88F-4CA5-9C35-5ABA23273B64,2017-12-13 13:21:11.477
589,7C7D7BE3-FC04-41B0-9CBD-D9C089C3FB15,2017-12-13 13:21:11.523
590,F3FFCC01-7ECA-4922-9C01-D9C3B79303F0,2017-12-13 13:21:11.540
591,7C64FB48-F4B5-4B07-923D-FCABDFBD7B8B,2017-12-13 13:21:11.570
592,89D13C01-4763-442D-9CD7-163D623E12CE,2017-12-13 13:21:11.600
593,33D2D731-2870-4478-8E61-DF636CB5FD7E,2017-12-13 13:21:11.633
594,53EED045-908E-433A-B03C-986B88BA214F,2017-12-13 13:21:11.647
595,1E24EAD6-2259-4A98-AA9D-0406709637B7,2017-12-13 13:21:11.693
596,8EA3F357-810B-46A0-99F9-F66A75D32130,2017-12-13 13:21:11.710
597,737030AF-8EC5-4538-80CA-2AEB672BEFDC,2017-12-13 13:21:11.757
598,9868153C-5051-484E-878C-DF48D1079BB3,2017-12-13 13:21:11.773
599,9C3FA42D-327E-40FE-A3C5-076B364626E2,2017-12-13 13:21:11.820
600,B5280A4E-48B3-4B1F-AD99-D686DCE9504A,2017-12-13 13:21:11.837
601,C64A4CFB-5F54-4137-A504-E4D8BAD35CFD,2017-12-13 13:21:11.883
602,C62E7F03-D8FC-48A5-8F1F-3FDF4E709019,2017-12-13 13:21:11.897
603,7A905A49-04B9-4461-9A8F-95AED6FE1491,2017-12-13 13:21:11.943
604,A1B3612A-413F-452A-B40E-415A3C37F3B8,2017-12-13 13:21:11.960
605,362C1B20-B899-400B-9C5C-090BD7DCCFC9,2017-12-13 13:21:11.990
606,0FD44CE8-B17C-42AE-AC64-461824C8C1E5,2017-12-13 13:21:12.023
607,4365178F-AF6F-461D-8AC7-85066E638422,2017-12-13 13:21:12.053
608,5DAA1B9B-B8BC-474F-8C9F-22DAEEFAE9A6,2017-12-13 13:21:12.087
609,A273D213-5D34-4FDD-BFC3-EAD7D32D3539,2017-12-13 13:21:12.117
610,3E81A93B-2249-4E5E-8C0A-E9AC0411938E,2017-12-13 13:21:12.133
611,49F4B247-5781-4FB1-987A-871450688651,2017-12-13 13:21:12.180
612,FC0C49B4-ECBE-43CD-8977-FB053E23E87D,2017-12-13 13:21:12.193
613,87291F02-5932-4DE4-9AF8-1F52B6A277C5,2017-12-13 13:21:12.240
614,7B0C7020-AD4D-4CB0-9745-33F29A434B93,2017-12-13 13:21:12.273
615,B36D8395-D938-4277-9F73-73C31F20C5DF,2017-12-13 13:21:12.303
616,8742C61D-3E93-4795-AC6B-305301267161,2017-12-13 13:21:12.320
617,233C17D7-0266-4038-88AE-F1A105EAFD13,2017-12-13 13:21:12.367
618,A5015B78-8656-4C34-8E62-E1397062C5EA,2017-12-13 13:21:12.383
619,34185193-D430-48EF-8F7C-CFF8A7EAEFF1,2017-12-13 13:21:12.430
620,5C93FFCB-E7CF-483C-A9C0-39E1546453FB,2017-12-13 13:21:12.443
621,4BB3275A-C54E-42DE-8B55-70067FEE04B9,2017-12-13 13:21:12.490
622,5D7A6890-EB83-435F-9E10-C010FBAAEC4F,2017-12-13 13:21:12.617
623,83385227-8CF5-446E-9A24-A970EBA30911,2017-12-13 13:21:12.663
624,F99E23F0-6497-4CE7-9A83-73DA2271271A,2017-12-13 13:21:12.693
625,E51FD45C-0E42-45BB-99ED-97E2A06943FC,2017-12-13 13:21:12.740
626,249F01FF-C67C-4C55-A583-86E1684A560E,2017-12-13 13:21:12.757
627,0FD7C4FF-8A6D-475F-A65F-FA4A8CF3D8A6,2017-12-13 13:21:12.790
628,70ECA176-BD8E-4765-A749-7A7469A2D499,2017-12-13 13:21:12.820
629,82850467-C43C-40E6-9E8E-E1DDC6A405F5,2017-12-13 13:21:12.850
630,51FF43D6-6722-4C7F-A3D1-7EBE2D1E9FD4,2017-12-13 13:21:12.883
631,3298AB26-DEFE-496F-9B58-23634643B9B6,2017-12-13 13:21:12.930
632,18F2B0F3-70AF-4559-929E-155138C89D0D,2017-12-13 13:21:12.943
633,318B4518-7433-4FB8-B0CE-F7207C0F26F1,2017-12-13 13:21:12.990
634,50EFD098-A980-4CA0-9929-F46972C09123,2017-12-13 13:21:13.007
635,2FC2FA11-0630-4C3D-8BA1-FAA035C696B9,2017-12-13 13:21:13.040
636,1A185C4B-8391-4F4C-8B86-6FF5FE5C7642,2017-12-13 13:21:13.070
637,CF4D02DC-F7F4-4180-B327-D2492D35C0FD,2017-12-13 13:21:13.100
638,08BBC579-C84F-445A-A0A4-22944CFFB551,2017-12-13 13:21:13.133
639,D2C9A348-BEC2-4A94-86F9-27941D979201,2017-12-13 13:21:13.163
640,D2172DE4-6C2D-405A-9CA3-F1E50C30CD64,2017-12-13 13:21:13.193
641,23CD476A-710E-4573-BD51-884BBDCE0BF3,2017-12-13 13:21:13.227
642,B34A2470-86EF-4C8F-BA0F-0AD02B6CF4B5,2017-12-13 13:21:13.240
643,233AF53C-5DB7-46DF-BE28-3166A07DAAF5,2017-12-13 13:21:13.290
644,EC8477AC-05C8-49C8-9974-D33350E2BC7A,2017-12-13 13:21:13.303
645,11D911F3-8DBD-4C47-B2CA-015B518A6632,2017-12-13 13:21:13.350
646,01039EDD-6370-4228-9204-0E8FA1D8FFBD,2017-12-13 13:21:13.367
647,A5962407-7DD2-454A-AEE6-6631A1FB55AA,2017-12-13 13:21:13.413
648,323C69EA-2512-4492-93CA-7CDF3368BA45,2017-12-13 13:21:13.430
649,95F2B91B-31E8-4AE4-9776-10D7437525CC,2017-12-13 13:21:13.490
650,6C82A1FD-9614-4254-8220-165E58935A78,2017-12-13 13:21:13.507
651,DA3E1C26-CD16-4DD0-A408-351DA3DCE86B,2017-12-13 13:21:13.553
652,47E41681-4ED6-4CC3-9386-8C1DF8F67889,2017-12-13 13:21:13.570
653,86DDDA1E-F774-43D3-B83B-9E45D0DE7A2C,2017-12-13 13:21:13.633
654,A2D7DDE1-679F-4A02-8A72-1D12CE435448,2017-12-13 13:21:13.647
655,B61FF194-494B-4C86-842D-743BF1C54832,2017-12-13 13:21:13.680
656,504DBE72-741A-44BF-B5F2-26418503DD01,2017-12-13 13:21:13.710
657,800C3ADE-3E5D-4E6C-A8D3-B4BC424BF980,2017-12-13 13:21:13.740
658,DF82DDD5-25DF-4126-B9C6-FBA7B33B4008,2017-12-13 13:21:13.773
659,955A0EDA-A578-4F4B-B586-91F3015CCA2E,2017-12-13 13:21:13.803
660,14AA510C-EB7C-4A77-854D-5C282BE421C7,2017-12-13 13:21:13.820
661,D7030CF1-12EB-40FA-AE06-D8F1DCD02086,2017-12-13 13:21:13.867
662,58B5FF12-2B7F-400B-972E-9CB1ADDBDDCF,2017-12-13 13:21:13.883
663,27054F84-172E-4D76-BB4E-3D15650DFF50,2017-12-13 13:21:13.930
664,54CE67DA-5EB8-4F4F-A791-41111FEA0D4F,2017-12-13 13:21:13.943
665,BDFD40C6-0424-4C54-BF70-B3479EC8BF2F,2017-12-13 13:21:13.990
666,2814B6BE-32EF-4CD0-8D71-4D657604FECF,2017-12-13 13:21:14.007
667,8E0815D9-AC29-4D15-B7ED-50C9EDAFF5CC,2017-12-13 13:21:14.053
668,09B6B616-1384-4048-B359-63631FAA99E7,2017-12-13 13:21:14.070
669,5691C10C-69BE-4D5D-B58B-0E0F789F2A35,2017-12-13 13:21:14.117
670,B678FA93-EBF6-449F-8BC2-8F1AD81C8797,2017-12-13 13:21:14.133
671,14770CB8-4A56-414F-B389-2EFFAC3B6336,2017-12-13 13:21:14.180
672,FC8A32D5-99C8-4829-A5E7-FE14AC405778,2017-12-13 13:21:14.193
673,81D6C3EE-8E56-4EDB-8B19-35A8947F68C6,2017-12-13 13:21:14.240
674,BB48DDA4-11FD-4634-95DA-2FA581F7DF4C,2017-12-13 13:21:14.257
675,DC03CE92-ABB8-4279-BDC2-35F3D99132EF,2017-12-13 13:21:14.303
676,A388B6D8-6EAE-400A-921A-AAFCBE323B89,2017-12-13 13:21:14.320
677,A8AF405B-2D7E-4FD8-919E-7D3AFF1AA657,2017-12-13 13:21:14.367
678,7DA68931-9EF6-4E03-A115-26216F44B87A,2017-12-13 13:21:14.383
679,E25DBCF4-EB30-419B-A24B-D85F885F2367,2017-12-13 13:21:14.413
680,48C9C262-E84C-4CFD-8C4C-9D8836FC1652,2017-12-13 13:21:14.430
681,FE3D2482-71A9-40C6-A64A-1FB2ACEB6285,2017-12-13 13:21:14.477
682,F79E6F7E-8F0F-415A-8EC7-01CBB1479B62,2017-12-13 13:21:14.490
683,88582387-9A98-4606-A784-C8B7A41357C8,2017-12-13 13:21:14.540
684,CEA6036F-6411-4BE3-BB7B-06C36415C5BF,2017-12-13 13:21:14.553
685,4CB66410-5652-49D9-9514-DE45F35FD91D,2017-12-13 13:21:14.600
686,26B5A0FA-67E7-4609-8092-948936B74F06,2017-12-13 13:21:14.617
687,E88F3E04-1DB8-451A-BE8E-666DCBB70A6A,2017-12-13 13:21:14.663
688,BAF3FF2E-EF9C-44E5-B549-37C3CB71137C,2017-12-13 13:21:14.680
689,330B48F9-E0A7-4ED1-AD5C-D2091C291C4C,2017-12-13 13:21:14.727
690,BCD9EC8D-7D0F-4499-A5D2-B88AA83832A6,2017-12-13 13:21:14.740
691,44B01E65-4E49-4A76-980E-B8968C7EC0B0,2017-12-13 13:21:14.790
692,867612E1-3AE9-49D3-82BA-5457D0FE2727,2017-12-13 13:21:14.803
693,4FAF1D92-09F5-4840-8884-3027B4D2C166,2017-12-13 13:21:14.850
694,9C29A0A9-406C-467F-A1C6-5110BE3A4C06,2017-12-13 13:21:14.867
695,E07BE2B5-F63A-4AE7-9B50-0AC643B9AD28,2017-12-13 13:21:14.913
696,1A7940B7-A22D-49DE-A8A9-28623252F616,2017-12-13 13:21:14.930
697,4BB7B0E7-B988-45F8-981E-5BDFA1C5AF14,2017-12-13 13:21:14.977
698,E452BC6A-8D88-40C2-84E0-B06F1F566403,2017-12-13 13:21:14.990
699,6D622B7B-F4EF-4D41-97A7-B5A12A3DB445,2017-12-13 13:21:15.040
700,62DCC441-2D93-4D39-AE6A-DCBEB29C9A32,2017-12-13 13:21:15.053
701,357604BB-187C-44D2-9B3D-0DC2F64FAD74,2017-12-13 13:21:15.100
702,0737C620-D38E-470F-ACE7-70763344FFFB,2017-12-13 13:21:15.117
703,45670BC8-1D08-4D9C-B3AE-2C101E50FE94,2017-12-13 13:21:15.147
704,4BC6F9E4-B5BC-4738-B2A9-0D551F01A7CE,2017-12-13 13:21:15.180
705,E52591AF-0C07-4C06-8CAD-1E483439121F,2017-12-13 13:21:15.210
706,0423423F-E016-4429-846C-CB5BCDDB357D,2017-12-13 13:21:15.240
707,735BC1F3-080B-4DDF-885F-DB68CA5ADA47,2017-12-13 13:21:15.273
708,547B42EA-A4D5-46D1-A1B7-5D2A33425E24,2017-12-13 13:21:15.303
709,14976CC0-EE7C-41EE-ADD6-629CAC0B9A64,2017-12-13 13:21:15.337
710,930F8245-1752-4DFF-96DD-F87CC9078092,2017-12-13 13:21:15.350
711,53DD7EDA-F844-4C55-B5F6-83370F3BB0AA,2017-12-13 13:21:15.397
712,3BE99E31-A3A8-4A2C-8F96-40AB9532E626,2017-12-13 13:21:15.413
713,9655A0AD-8A60-4961-96E9-2A8227FBA5FC,2017-12-13 13:21:15.460
714,911C89B3-75BF-4B39-B3A7-7319C936680D,2017-12-13 13:21:15.477
715,CBDF73FC-3EA1-4333-8687-F600CD0223CD,2017-12-13 13:21:15.523
716,B10FA7F5-8B49-4340-8A6D-1B5A06482F7E,2017-12-13 13:21:15.540
717,823AFA5E-8DFA-41F0-899B-9B0E165B5FFB,2017-12-13 13:21:15.587
718,B9454A81-4885-4624-939E-3D59425A7D59,2017-12-13 13:21:15.600
719,3C84311C-C57D-46E9-BE7A-4A439BE1C6B4,2017-12-13 13:21:15.633
720,1F8E9198-3C27-4203-91CE-E5AC5F8910F1,2017-12-13 13:21:15.663
721,0B2630AF-049E-46BE-A028-DEF082F02AF4,2017-12-13 13:21:15.693
722,3CF0079E-1E5D-45F8-ADAF-D85CD141B216,2017-12-13 13:21:15.727
723,E700A6C8-B2AD-461A-80B7-F0508944F412,2017-12-13 13:21:15.757
724,A1CED336-4C16-4890-8D23-7BCA03249AF0,2017-12-13 13:21:15.790
725,35B1926B-6D21-4C3A-AE02-C54C8DD4B67A,2017-12-13 13:21:15.837
726,AF5AC70F-B907-4DE2-A1E4-D55C3EA5ECB7,2017-12-13 13:21:15.850
727,184FF524-2703-4661-9612-D03D92B451FD,2017-12-13 13:21:15.897
728,C7B4BED7-F225-4006-A2D6-8EFA27606B44,2017-12-13 13:21:15.913
729,3B0F82FD-DB97-451E-9AF2-CA571EDD1432,2017-12-13 13:21:15.960
730,B8F6756E-F7A4-4E71-AC60-9CB41CB752CE,2017-12-13 13:21:15.977
731,7C2693CA-6CCE-4ACE-AA66-2E0CFD243884,2017-12-13 13:21:16.023
732,AECE5161-5691-4A28-A4C1-BD3C56EA65F0,2017-12-13 13:21:16.040
733,1187B4E3-49A4-4BBA-9BD6-6E26F0589C80,2017-12-13 13:21:16.087
734,24EF6787-9FBD-487D-B886-EDD49A890C62,2017-12-13 13:21:16.100
735,CB1136B2-0F01-4DBB-9C56-0F140CD74CF0,2017-12-13 13:21:16.147
736,07147E90-E33C-40AF-8376-A7A84CE7EE2B,2017-12-13 13:21:16.163
737,279A207A-DB19-4A5B-9A0C-39134D35EE10,2017-12-13 13:21:16.227
738,37F0FE8C-4E29-4F2B-A06F-14943D9AE34E,2017-12-13 13:21:16.260
739,9EAF6437-978D-4C3E-A1DA-B8CB0113DC63,2017-12-13 13:21:16.303
740,D93D7277-8BB8-48C8-997B-8F4C401DB734,2017-12-13 13:21:16.320
741,4BB8C659-B0AC-419D-A86B-80A7F90C3387,2017-12-13 13:21:16.367
742,98481C12-C33A-4E0A-946B-1482CB9E97C0,2017-12-13 13:21:16.383
743,AA28DF6D-6B46-4084-AE05-41B9F99BB9C0,2017-12-13 13:21:16.430
744,C484EDAD-9C3C-4CB2-A782-A4652FD5328E,2017-12-13 13:21:16.447
745,67BD33BF-6481-4FF8-8E52-AE16FD8BEA4A,2017-12-13 13:21:16.477
746,AFCBC2CA-0B06-4CE3-BA77-9BCFEBDD33E4,2017-12-13 13:21:16.510
747,EF198B7B-AE82-444F-AD90-367070F7D78C,2017-12-13 13:21:16.540
748,54F010F1-B794-4F18-9690-2DBEBDF942E8,2017-12-13 13:21:16.553
749,864F5436-B1B8-48DF-98E8-A8AF7821F633,2017-12-13 13:21:16.600
750,B7CCC6C6-CCF7-436C-9D21-7DF4978FE5D8,2017-12-13 13:21:16.617
751,3120DDFB-2819-416B-A701-8A8F126775F0,2017-12-13 13:21:16.663
752,D19D9B71-EE31-4E62-BA55-D0B638ACA0CC,2017-12-13 13:21:16.680
753,72905A5A-FC11-46E4-B08B-2648E7D553CC,2017-12-13 13:21:16.710
754,3BB8130D-B129-491E-B028-C68C92DAC1DF,2017-12-13 13:21:16.743
755,9A3A8227-0CD1-4DB2-9152-73D73439E31D,2017-12-13 13:21:16.773
756,8CDACACA-15E9-45DF-B0E6-3254AB97277B,2017-12-13 13:21:16.790
757,AD1B8C2B-A43D-44AA-A8B3-3930CE9FF107,2017-12-13 13:21:16.837
758,9E3D2132-FD64-4893-A77D-46B809F8772B,2017-12-13 13:21:16.850
759,D2F8946E-6FFD-4E24-86AF-9C059A657250,2017-12-13 13:21:16.900
760,0F0A5A86-48EE-42FA-B528-EB10E7335C9A,2017-12-13 13:21:16.913
761,70CBC268-04B4-48BE-846A-C43CDFE57A36,2017-12-13 13:21:16.960
762,A74FCAAA-D7B6-42E9-831D-3A63DBF2D2C4,2017-12-13 13:21:16.977
763,B21E7630-DE8B-4115-8821-7B5BFB48C9C2,2017-12-13 13:21:17.023
764,25850705-34ED-481E-879C-796D8F174194,2017-12-13 13:21:17.040
765,0DCE47AF-3C85-4BF9-AB7A-A218C02BB7D2,2017-12-13 13:21:17.087
766,1026306B-AFFA-46DF-BDE7-433CBBB4DA5F,2017-12-13 13:21:17.100
767,C196FDF0-3B76-444B-8B94-7E71FB5D8800,2017-12-13 13:21:17.150
768,286FB753-8698-4E4C-8450-9D3F4D9E0254,2017-12-13 13:21:17.163
769,7780EFFE-ECCD-41E1-8CBF-135871F0FCEB,2017-12-13 13:21:17.210
770,796BB559-0326-40F1-9144-2403604F0F87,2017-12-13 13:21:17.227
771,E6F709F8-E34D-4684-9593-A580BDC1B7D6,2017-12-13 13:21:17.273
772,ED7A706A-EC6B-4F8D-B38E-1B175116FF63,2017-12-13 13:21:17.290
773,373561CD-E64E-406E-8D79-E8475D83FFB8,2017-12-13 13:21:17.337
774,E5AE8D08-7CBB-445D-94C8-E5E6AD1E2369,2017-12-13 13:21:17.350
775,51B02DAF-7961-44BD-8E39-7B373E8A228A,2017-12-13 13:21:17.400
776,F380BFEA-8AF5-4F3F-A3EE-207261A90C45,2017-12-13 13:21:17.413
777,A4319B9B-D60B-4884-9E89-98BD26AF7F19,2017-12-13 13:21:17.460
778,D4E71694-099C-4343-9A25-0AC4AC9DAB95,2017-12-13 13:21:17.477
779,B6AC369F-68B8-4FC4-A454-74B9B5A91AB4,2017-12-13 13:21:17.523
780,2C573F5F-8B1D-44D5-B10E-5219A8879472,2017-12-13 13:21:17.540
781,4E7D7C02-C9FB-4B94-A2DB-9DFD3B97389B,2017-12-13 13:21:17.587
782,06B9C563-58EA-423D-886D-56B381CCF5DA,2017-12-13 13:21:17.600
783,CF8CDF85-27D1-4D27-903D-B1712EE89F5D,2017-12-13 13:21:17.650
784,70D8F372-8248-4239-B4D2-888EB4C7FB33,2017-12-13 13:21:17.680
785,6732B67A-44F0-4FA3-9817-829472146252,2017-12-13 13:21:17.727
786,429044F6-7ED8-4C18-A6A7-573D64D249EC,2017-12-13 13:21:17.743
787,C3ABB356-105E-4765-B714-9F52902D42B0,2017-12-13 13:21:17.790
788,5D92CE2F-738A-417A-A7DA-5833588F3718,2017-12-13 13:21:17.803
789,96BBC27D-F36E-49F3-B377-0A0D03666578,2017-12-13 13:21:17.850
790,013D380A-97B9-473F-95FE-9CEA31F31F9F,2017-12-13 13:21:17.867
791,B80D12F8-FBEB-4740-BD19-A1D14D6E7FBA,2017-12-13 13:21:17.913
792,81BB8C2B-1D49-49D3-A256-F1831C18EE58,2017-12-13 13:21:17.930
793,BA06DB25-2346-47F6-A734-C96A1FF1DDDC,2017-12-13 13:21:17.977
794,486A378B-4D75-40E1-B623-1E15B00C5CFE,2017-12-13 13:21:17.993
795,EA2C01BB-3AB7-455E-BAAD-7B965B758BC0,2017-12-13 13:21:18.023
796,BB094AA0-1F8B-45E5-8488-675D5AB5D8B8,2017-12-13 13:21:18.053
797,B556BEBC-B84C-4E8D-BE7B-3A4BC4943F5D,2017-12-13 13:21:18.117
798,376F8466-8EB8-4624-B5FF-D572BEABD356,2017-12-13 13:21:18.133
799,94148061-35E9-468B-9C54-68CFF4FE02A8,2017-12-13 13:21:18.163
800,3734C8CD-4401-42C4-99BB-8E28D85AA2C7,2017-12-13 13:21:18.197
801,B6D219AF-EA88-42EC-8494-0C4F7C125B5E,2017-12-13 13:21:18.240
802,A7799B07-47CD-45BB-9154-3CD144317401,2017-12-13 13:21:18.257
803,631AB46B-0E46-43C0-A902-61A35AAEABC9,2017-12-13 13:21:18.290
804,F2FBD8BD-6983-415C-8D04-E561B6B765A3,2017-12-13 13:21:18.320
805,5DE1289B-E52E-4DC2-869A-D850AF274E0A,2017-12-13 13:21:18.350
806,B18B8127-E119-4055-A34E-77B1629BD09B,2017-12-13 13:21:18.367
807,53FD9C68-B60A-45F9-AF6E-41719D893B19,2017-12-13 13:21:18.413
808,4847893B-164E-4378-945B-FF86E0589A57,2017-12-13 13:21:18.430
809,54B17ECD-2B55-47BE-83CD-6DB58AA68085,2017-12-13 13:21:18.477
810,D956E35E-470B-4BF4-B970-03D0C90E3A2C,2017-12-13 13:21:18.490
811,17F632C1-B2EA-4C90-AD5F-42C6772D9564,2017-12-13 13:21:18.540
812,56B793CD-BD4D-459F-A7B1-F7081A8F1F8C,2017-12-13 13:21:18.553
813,7F61FD76-E7C3-47A9-9BF9-6EE14ECE6832,2017-12-13 13:21:18.600
814,506F1993-7111-4979-A0F7-1F5F99B38C65,2017-12-13 13:21:18.617
815,2A6206C4-08EE-4522-B8FB-3161E9A74E13,2017-12-13 13:21:18.663
816,412179C6-0167-429D-8D8E-09FD53EB2EBE,2017-12-13 13:21:18.680
817,A17D025F-80B4-41DB-89B5-6584EC8026FF,2017-12-13 13:21:18.727
818,D52FD760-BEC2-44DA-AD1D-BE30ACB7AF96,2017-12-13 13:21:18.740
819,0AF7044B-0C7A-4D3E-ABA4-A100C46B16FC,2017-12-13 13:21:18.790
820,2A564EE3-20E1-4C65-BF86-2782303F5247,2017-12-13 13:21:18.803
821,CB0F6A5E-5227-4153-84CC-2BA96DBECB85,2017-12-13 13:21:18.850
822,E086E938-6199-41DA-9B6A-D8FA4440DE8C,2017-12-13 13:21:18.867
823,FFA4F05B-00F8-47A5-A52E-D872C41160E5,2017-12-13 13:21:18.897
824,0DA81F9F-D0E2-4D99-8220-E32A00545E1C,2017-12-13 13:21:18.930
825,34628273-36C7-4CB6-8E2D-3EAC11FC40E0,2017-12-13 13:21:18.960
826,AA63ED87-89A3-479F-A619-2B5D0E96302E,2017-12-13 13:21:18.990
827,DF3E1286-4536-4B32-940F-AFFD43EB9598,2017-12-13 13:21:19.023
828,74FD3E81-7D7B-4B1F-96C1-309A0F0D5FAB,2017-12-13 13:21:19.053
829,92E8EA1C-262E-4ACB-8C64-71C86674115D,2017-12-13 13:21:19.087
830,32F0D889-FB9B-42B4-8E65-66D09E0C3384,2017-12-13 13:21:19.117
831,BC43F6E8-B605-411D-8B7D-EF9B6B56A06B,2017-12-13 13:21:19.147
832,DDB9C207-BE03-4526-B69F-9D5FD391C929,2017-12-13 13:21:19.180
833,99970302-E1C8-4276-A999-F68D84603C63,2017-12-13 13:21:19.210
834,6E1B4892-D541-4969-91D2-81259FF34225,2017-12-13 13:21:19.240
835,77A8D15A-2323-43A2-900B-4957F4E1226E,2017-12-13 13:21:19.290
836,C3204D74-0E2C-4238-AC8F-19E531F3DC0F,2017-12-13 13:21:19.303
837,359DC474-DDC3-4BED-842E-38231825513F,2017-12-13 13:21:19.350
838,6C7A4645-7870-4518-B624-15B28014DB85,2017-12-13 13:21:19.367
839,7B9A2EB9-3F9B-40AF-84FA-9ED10E137F15,2017-12-13 13:21:19.397
840,5CF2413F-F4B5-4CE0-ABF8-D334E31EA2E2,2017-12-13 13:21:19.430
841,97C3029C-28CE-4941-9353-26CBDDDFF02C,2017-12-13 13:21:19.460
842,06E75768-FF7C-4448-8B11-A2F96088352F,2017-12-13 13:21:19.490
843,FBDFCA83-4BCC-4DCB-8FE3-A334C9F8752C,2017-12-13 13:21:19.523
844,8E47C41A-E0E2-4A30-8388-88F8F523573E,2017-12-13 13:21:19.540
845,9ED2C72C-90FE-4F98-A170-826A028B8B4A,2017-12-13 13:21:19.587
846,BD5CDE69-4E34-480E-B856-ED36DF2FB2AC,2017-12-13 13:21:19.600
847,D5C8B755-9509-4F36-9287-ED786E6972F4,2017-12-13 13:21:19.647
848,96968447-F46A-4C4E-AA4C-80387E7E3A61,2017-12-13 13:21:19.663
849,4C8900DC-61E7-49FE-AC22-4478D6423AE4,2017-12-13 13:21:19.710
850,EBDF3776-BE13-4733-8BE2-500EC60B1E27,2017-12-13 13:21:19.727
851,367100EE-F2E8-4359-84A5-ECF64B6AF410,2017-12-13 13:21:19.773
852,CD1CBE15-949C-4F7A-8B54-94279D37F322,2017-12-13 13:21:19.790
853,A8861986-E8B4-40D6-8C50-B31EC6BEA9B5,2017-12-13 13:21:19.837
854,EA16D8DF-0FF6-45D9-A704-6355EC84052E,2017-12-13 13:21:19.850
855,64809362-1695-4528-8A14-3FF53B734C95,2017-12-13 13:21:19.897
856,14D70FA4-263D-4924-93D6-CB852B27B052,2017-12-13 13:21:19.913
857,515C749B-8E80-4B02-9748-8C1DE9064185,2017-12-13 13:21:19.960
858,DC96A778-535C-4700-9EBA-395D79A8494C,2017-12-13 13:21:19.990
859,B0ACE275-69CD-41CA-B055-BB956DDE8A44,2017-12-13 13:21:20.023
860,618D45B0-F578-4B95-A285-25B95A31173E,2017-12-13 13:21:20.053
861,4406B652-F3C2-4235-8E58-8CFDE9276965,2017-12-13 13:21:20.087
862,0321B1F9-AF41-4790-B2B0-6752BD95FC81,2017-12-13 13:21:20.100
863,8565502D-0F29-4D79-BED8-BFC9C567A5B4,2017-12-13 13:21:20.147
864,F1BC123B-CA3F-476D-BBAD-F8E03423CAB6,2017-12-13 13:21:20.163
865,822087F7-D384-45A1-B27B-1621A7FC6CCB,2017-12-13 13:21:20.210
866,9F22E2C8-2515-4D1E-9756-C369FC1A7F22,2017-12-13 13:21:20.227
867,07C26D9E-DB75-4945-A474-E5066BBC6919,2017-12-13 13:21:20.273
868,9F13EFB0-CE82-484E-A69E-B7BF627AC980,2017-12-13 13:21:20.290
869,A4502F72-DD3D-4D02-A32B-0075A701197E,2017-12-13 13:21:20.337
870,498CCA78-EA4C-4EB2-8960-8853796002AE,2017-12-13 13:21:20.350
871,F38A55F4-B83B-4632-800A-A2966174BD78,2017-12-13 13:21:20.397
872,FC2A0A78-C959-49CD-B04B-C7FDF5E56E19,2017-12-13 13:21:20.413
873,11996049-D50B-4237-90CD-682D95438D64,2017-12-13 13:21:20.460
874,4AC3C50D-0337-4A62-8E81-A1EC265EA670,2017-12-13 13:21:20.477
875,034E1CCD-3586-4315-9963-4B6EABBBF249,2017-12-13 13:21:20.523
876,E19E662A-718A-415E-A47A-6B7B3CEEBDCA,2017-12-13 13:21:20.540
877,F7D1F26E-7575-4711-962E-B4D2884BCF94,2017-12-13 13:21:20.587
878,FA3021B2-5CB8-43D8-B185-A148F341B5EB,2017-12-13 13:21:20.600
879,978849DB-F516-49B3-9D21-6FF9CFB72639,2017-12-13 13:21:20.647
880,D8EA4A28-FA4D-411D-8889-CB237745B7D4,2017-12-13 13:21:20.663
881,F1963D21-90FE-4524-B81F-E815C1695123,2017-12-13 13:21:20.693
882,112A459F-5ABA-46E0-AFD7-07EAA39B47AB,2017-12-13 13:21:20.727
883,80707BAD-7734-4811-A381-399B33E4CBD5,2017-12-13 13:21:20.757
884,DA7CD8D5-74C1-4824-8C24-8E3F5E54B888,2017-12-13 13:21:20.790
885,F075CB09-C1BB-4D82-8DBE-393868A85A89,2017-12-13 13:21:20.820
886,12479CFA-11A3-4AC4-A2AF-CF80EA48DCDF,2017-12-13 13:21:20.837
887,229EC1E6-B2E9-4A6B-B5AF-F6E36734AAE3,2017-12-13 13:21:20.883
888,E17A3324-3F81-4F67-AF1F-3704710B9CED,2017-12-13 13:21:20.897
889,B4AED227-E7F5-405F-A84F-3F930F368C58,2017-12-13 13:21:20.943
890,D6B713EF-7098-44BA-B845-5197CE138DBC,2017-12-13 13:21:20.960
891,B3DD882C-26AB-412D-B1A7-4478BF9F03D4,2017-12-13 13:21:21.007
892,B7DBE565-7005-42D2-A398-6BB4E94141F8,2017-12-13 13:21:21.023
893,0B2250A6-A434-4149-92D7-4DE2B7F02545,2017-12-13 13:21:21.053
894,2FFEE622-7A94-458E-96A8-6C0503D63C1A,2017-12-13 13:21:21.087
895,400BC82E-8E9F-4EC7-B110-D1E324422D0D,2017-12-13 13:21:21.117
896,510F8382-BBED-46CE-A73F-EB73BCCFC7CC,2017-12-13 13:21:21.147
897,1797593D-CBBC-4E19-84F4-45423144C3EF,2017-12-13 13:21:21.180
898,FD44D587-2601-4C37-A455-1C54F1F01B81,2017-12-13 13:21:21.210
899,2F1455CD-838E-45A8-BC27-8E241A31D38E,2017-12-13 13:21:21.240
900,285C8EE6-6642-40CB-9408-C5F41B073F51,2017-12-13 13:21:21.273
901,2247980D-8B15-4D0A-B9FB-32A1604D6EC7,2017-12-13 13:21:21.303
902,1E77D255-23F2-4712-9A8E-DE8A35FF12B8,2017-12-13 13:21:21.337
903,67CA5717-D072-45F1-A4F1-51740E94FFDF,2017-12-13 13:21:21.367
904,9254748D-6C1A-4459-9454-69BF8A6D4CCB,2017-12-13 13:21:21.383
905,8DB2566F-1F4C-491D-9969-2AA3487FC51B,2017-12-13 13:21:21.430
906,898D6965-26EC-4787-93AD-649E99A935E8,2017-12-13 13:21:21.443
907,F252FAB9-58E7-4F70-A298-5D1B66B4D094,2017-12-13 13:21:21.507
908,74F09223-A56E-43DA-822A-461BCB717ED9,2017-12-13 13:21:21.523
909,A305718D-D947-46C2-8B14-15F847A63B73,2017-12-13 13:21:21.570
910,9BB305BA-24B5-4210-952D-35935F09F143,2017-12-13 13:21:21.587
911,810BDF30-5560-41A9-B747-ADEE7E3BFE45,2017-12-13 13:21:21.633
912,5F9BA61F-751E-4C17-A38D-61DA3626C632,2017-12-13 13:21:21.647
913,BF344D53-D9E8-427B-A506-57DB364F4783,2017-12-13 13:21:21.693
914,35C530EA-A6CB-4D6B-AE19-027B05456987,2017-12-13 13:21:21.710
915,6D926F69-E21A-4491-9D02-98DEFE0E9C59,2017-12-13 13:21:21.757
916,2F7CEE0B-DC50-4238-98E8-F8ABD123F3C3,2017-12-13 13:21:21.773
917,C741CD4C-1B45-48DA-A9B2-B0D7C4596EC7,2017-12-13 13:21:21.803
918,F16670D6-1E56-4A81-89EB-ED4778754AFC,2017-12-13 13:21:21.837
919,8CDA71F3-91E5-4818-8A0A-BE5CB4644FFF,2017-12-13 13:21:21.867
920,52629A44-76B9-408A-9634-24B7B247DDC6,2017-12-13 13:21:21.883
921,9B09CBCC-4C61-4156-AA7E-67C9220B75A6,2017-12-13 13:21:21.930
922,2E046809-1BF0-4BD1-84F3-8EC5429AA91D,2017-12-13 13:21:21.943
923,5C506973-E0B9-40C7-A11E-7903E468C64B,2017-12-13 13:21:21.990
924,19A8BB9F-E3F4-41EC-8169-6054FE68E2B9,2017-12-13 13:21:22.007
925,4A5C42D7-BB05-4D6F-9E81-C77C3ADEB2F6,2017-12-13 13:21:22.040
926,20DFCD60-527B-4A39-8741-B8BA00AE8E31,2017-12-13 13:21:22.070
927,B473D108-A12D-435B-921F-C44E61F114FC,2017-12-13 13:21:22.117
928,DDE5BE22-DDE4-4175-A5E9-7F470F594A36,2017-12-13 13:21:22.133
929,1B53DA30-5D30-4FD8-A6F2-64AF83B13B92,2017-12-13 13:21:22.163
930,A9A988FA-CF4D-4433-BE12-10FC28C28990,2017-12-13 13:21:22.193
931,E0FE33BF-3B8C-4DF8-A785-BE4CB7A4A6AD,2017-12-13 13:21:22.240
932,4FD46DE8-39EC-4B12-8275-A300E7CC0603,2017-12-13 13:21:22.257
933,CF727DFF-5A16-41BF-BDA1-F76DCD3B0A41,2017-12-13 13:21:22.303
934,2F555862-103B-488A-A3E1-6DD0613DA7BA,2017-12-13 13:21:22.320
935,4F64328D-28F4-494E-8BEF-F8256D952244,2017-12-13 13:21:22.367
936,C7871E19-ACAC-43DA-B149-0D0E9E258C07,2017-12-13 13:21:22.383
937,5FFCD894-D817-4539-AA71-F40B8C0FD355,2017-12-13 13:21:22.413
938,A0E52821-3ACE-405F-A912-A0E17E0B846C,2017-12-13 13:21:22.443
939,0DD3C92D-4D3F-4E57-9C10-BB7614EAD3EA,2017-12-13 13:21:22.477
940,52E121EE-7450-422E-B854-1E070FFE06AF,2017-12-13 13:21:22.507
941,7F715446-D41E-4512-9961-9414AD93E7D8,2017-12-13 13:21:22.553
942,4EC2B1F1-DB84-4172-893F-5EF882E2B770,2017-12-13 13:21:22.570
943,F45795F9-CC68-4D39-AACC-6F4980A90068,2017-12-13 13:21:22.617
944,232343BD-76C6-4372-845D-2996E4104AF1,2017-12-13 13:21:22.633
945,17753234-9D8D-409A-BE33-BB44047744F0,2017-12-13 13:21:22.680
946,CD78602F-E2C5-4BE0-8E2A-1E6D27F79ACE,2017-12-13 13:21:22.693
947,B18BEFDC-51CA-4FC8-B4A8-D26D2168746B,2017-12-13 13:21:22.727
948,4D2BA722-1C9C-41CA-BA0F-A5E074AE2798,2017-12-13 13:21:22.757
949,0094CFCC-99A7-424B-A031-AD740069E042,2017-12-13 13:21:22.790
950,BD678B15-BA00-4949-A217-91E508D03F58,2017-12-13 13:21:22.820
951,6EEA0ED2-276A-4869-9302-3A9E0AEC963C,2017-12-13 13:21:22.850
952,212BBC5D-082D-4372-94DF-744A48C4C989,2017-12-13 13:21:22.883
953,49E92D9B-F2F1-48CC-B406-055AEE796C68,2017-12-13 13:21:22.913
954,0376066F-C1F3-45A2-B11E-361BC6B7A84C,2017-12-13 13:21:22.943
955,EA2BD5B5-6C9A-4E95-A701-5351CB0D6F67,2017-12-13 13:21:22.977
956,63D9F76D-0467-4A52-A224-0194B6AAC2A6,2017-12-13 13:21:22.990
957,81804678-4174-4BD6-9594-421F94AEC4E2,2017-12-13 13:21:23.040
958,82FE5D2E-28E2-43AA-8394-ED6BA7335C2E,2017-12-13 13:21:23.053
959,D8144C27-5911-45D8-9E6A-C17EB125F838,2017-12-13 13:21:23.100
960,B61BEB64-EEF5-42FE-B45A-F4DBD4128491,2017-12-13 13:21:23.117
961,4AE78F67-C0BC-46A5-BCE0-699DC7D429DC,2017-12-13 13:21:23.163
962,64EBDF6E-5632-4B7F-B0DA-00C32B42C771,2017-12-13 13:21:23.180
963,867CC89C-DA11-41B8-8FB8-0F2233D6CED1,2017-12-13 13:21:23.227
964,A4FB118C-1FB2-484B-8872-D3AD41E6066A,2017-12-13 13:21:23.240
965,3D9239A5-9CE1-4939-881B-C27BB23AF964,2017-12-13 13:21:23.273
966,0C1177B0-3FF9-4072-95C6-7D62D4617C44,2017-12-13 13:21:23.303
967,8CD5EFFC-76F2-4898-82A8-C83751EB4A64,2017-12-13 13:21:23.337
968,D036279A-95AE-4262-9C62-53DA8D03E885,2017-12-13 13:21:23.350
969,33A8E807-65AD-4797-BE54-6DDBCBE4524C,2017-12-13 13:21:23.397
970,DDBCB2B0-A185-40F0-8443-BFDBB3E79C97,2017-12-13 13:21:23.413
971,898066B9-0DC6-45E3-B63A-C4C6862FD5CD,2017-12-13 13:21:23.460
972,03AB0287-9A7B-4E09-9AF7-CC8CB87971E0,2017-12-13 13:21:23.477
973,016A49CA-8DCB-45E7-9668-504500B430E1,2017-12-13 13:21:23.523
974,7CEC8791-45DA-45C2-9A1F-F8C2982862A4,2017-12-13 13:21:23.540
975,74C323BE-B5BE-4908-BA90-BE4A19682F14,2017-12-13 13:21:23.587
976,1867B4E4-A9D6-4C7F-A8C5-047CDEDBEB35,2017-12-13 13:21:23.600
977,34133E26-ED66-49B9-8B91-93F0A023EB01,2017-12-13 13:21:23.647
978,14CB6338-C3DB-41A5-98C9-4FA736AD7463,2017-12-13 13:21:23.663
979,8257104B-CFA2-4730-951D-0F9225C4131A,2017-12-13 13:21:23.727
980,E64DFE6C-FD56-48FD-ABB0-2662F998298A,2017-12-13 13:21:23.757
981,CABFA1AB-48AC-433C-A643-6F74427A85C9,2017-12-13 13:21:23.790
982,F65E82C7-28C9-4809-B117-089117FC6F1D,2017-12-13 13:21:23.803
983,AF2A5FF1-6CDD-4D85-BCEE-E917F7140133,2017-12-13 13:21:23.850
984,F79BB49F-FC63-48E9-969F-0D9DE8A9BB65,2017-12-13 13:21:23.867
985,3104F04F-B474-4462-87E3-567158CCD568,2017-12-13 13:21:23.913
986,28DE5E57-795D-49AE-AE2D-C106FFA6DA0A,2017-12-13 13:21:23.930
987,ABF64AAB-30FA-4F4F-A830-34D475865E8D,2017-12-13 13:21:23.977
988,6F53AF3A-FDF7-4A49-AB28-D2EC61372DB0,2017-12-13 13:21:23.990
989,3A12419D-67AF-4151-B943-7929375C399A,2017-12-13 13:21:24.040
990,825DECFC-3EC4-48F6-9271-43AF650B28DC,2017-12-13 13:21:24.053
991,84AAF680-DCA4-4AA0-890D-AE10042C0F5F,2017-12-13 13:21:24.100
992,6BE341EB-BFA9-4B8B-B5C8-7A713329A0E8,2017-12-13 13:21:24.117
993,FD70304E-11E6-4AE9-92BB-C9D69EC3D2D7,2017-12-13 13:21:24.147
994,90C71DF9-8F41-425D-86C0-1896A495328D,2017-12-13 13:21:24.180
995,C19BD5CE-6195-4B39-8F59-0D8C346A8AAC,2017-12-13 13:21:24.210
996,30947A85-9922-4BD0-8776-96E5B292387F,2017-12-13 13:21:24.240
997,0E091564-63E6-4B22-B8B4-51E3EAF9F4CE,2017-12-13 13:21:24.290
998,07BF79A0-BD7F-470F-BD50-307A9AB277CD,2017-12-13 13:21:24.303
999,BA6C7E67-E333-4366-89FC-0229F6259294,2017-12-13 13:21:24.350
1000,C58754CF-4693-436C-934B-9B226A635364,2017-12-13 13:21:24.367
